id,created_at,text,media_url
895019113499590656,2017-08-08 20:29:19,"b'""Satyameva Jayate,"" Congress nominee, Ahmed Patel, tweets after winning Rajya Sabha election from Gujarat #RSpolls https://t.co/rNfMy0b7Mx'",http://pbs.twimg.com/media/DGu_IePUwAA1RgE.jpg
895017690997284864,2017-08-08 20:23:40,"b""BJP's Amit Shah, Smriti Irani and Congress's Ahmed Patel elected to Rajya Sabha from Gujarat https://t.co/j6A7KApQ0V""",http://pbs.twimg.com/media/DGu9yFKV0AEfCmj.jpg
895015027568033792,2017-08-08 20:13:05,b'Congress claims Ahmed Patel has won #RSPoll https://t.co/tR2r15kag0',http://pbs.twimg.com/media/DGu7ayyUQAE7fe4.jpg
895011013736538113,2017-08-08 19:57:08,b'Counting for #GujaratRSPolls to begin shortly: ANI https://t.co/Y1lIM20uc3',http://pbs.twimg.com/media/DGu3vyKUMAAHH0a.jpg
894997072411107328,2017-08-08 19:01:44,b'BJP legislator Nalin Kotadiya admits in a video statement that he did not vote for his party https://t.co/KfGPg9c1Ut',http://pbs.twimg.com/media/DGurFOAUAAAw-pe.jpg
894994942161899520,2017-08-08 18:53:17,"b""Congress workers in Gandhinagar celebrate EC's verdict declaring votes of two rebel Congress MLAs as invalid (ANI) https://t.co/04YwUUbmWD""",http://pbs.twimg.com/media/DGupFPtUAAA0xgn.jpg
894992692974727168,2017-08-08 18:44:20,b'Video footage shows rebel Congress MLA purportedly showing his ballot paper to BJP leaders https://t.co/9YYIyxR2GK',http://pbs.twimg.com/media/DGunGytUwAAF5AV.jpg
894983971364196355,2017-08-08 18:09:41,b'EC asks Returning Officer to start counting of votes after segregating the votes in question #RajyaSabhaPolls (ANI) https://t.co/KEQ19UgYV9',http://pbs.twimg.com/media/DGufKnyV0AA3UWT.jpg
894983269426397184,2017-08-08 18:06:54,b'#BREAKING EC disqualifies votes of 2 rebel Congress MLAs. https://t.co/naRbxFk2fr',http://pbs.twimg.com/media/DGueiR8U0AU66jF.jpg
894982473720791040,2017-08-08 18:03:44,b'#BREAKING: Election Commission disqualifies votes of rebel Congress MLAs in #RajyaSabhaPolls https://t.co/tslKFK1swf',http://pbs.twimg.com/media/DGudxv8UQAABZD3.jpg
894971236807081985,2017-08-08 17:19:05,b'Election Commission will convey order on counting of votes to Returning Officer at 11.30 pm #RajyaSabhaPolls (ANI) https://t.co/nMSqzu8NTD',http://pbs.twimg.com/media/DGuTleUUwAA2Czi.jpg
894962909872177152,2017-08-08 16:45:59,"b""'We want to expose BJP, we are very confident of a win' @DrAMSinghvi to @bhupendrachaube on #Viewpoint https://t.co/oPiV9oTAYT""",http://pbs.twimg.com/media/DGuMBJjVoAAW7mb.jpg
894962155925131264,2017-08-08 16:43:00,"b""Cong &amp; BJP have outdone each other in mother of all ego clashes' @bhupendrachaube's #Viewpoint on Gujarat RS battle. https://t.co/ONNc9FFOIV""",http://pbs.twimg.com/media/DGuLVU1UAAAAXy4.jpg
894952237075529728,2017-08-08 16:03:35,b'BJP delegation reaches Election Commission for the third time. #RajyaSabhaPolls https://t.co/LV635cfg3j',http://pbs.twimg.com/media/DGuCTeAVwAARsAt.jpg
894947494848679937,2017-08-08 15:44:44,b'Why BJP too is making it a prestige issue: @virsanghvi to @Zakka_Jacob on #FaceoffAt9 https://t.co/HHWq8KBs27',http://pbs.twimg.com/media/DGt9_6GUAAA8Ylp.jpg
894946802494980097,2017-08-08 15:41:59,"b""Why is one seat such a big deal? asks @Zakka_Jacob , listen in to @Pawankhera's reply to it. #FaceoffAt9 https://t.co/Zy4zNh1tuD""",http://pbs.twimg.com/media/DGt9XkRUAAAABEq.jpg
894942517430374400,2017-08-08 15:24:58,b'RT @sanket: #GujaratRSPolls. Spl arrangement. Flood lights installed at Vidhan Sabha. #AajRaatKaali https://t.co/7IAkhEafuc',http://pbs.twimg.com/media/DGt0Lr5VwAAByTO.jpg
894937018374832128,2017-08-08 15:03:06,b'Indian A defeated South Africa A to win Tri-Nation Cricket Series in South Africa. (PTI) https://t.co/hc0dFuFMwW',http://pbs.twimg.com/media/DGt0dujUIAAo5TV.jpg
894932091200094209,2017-08-08 14:43:32,"b'#BREAKING Congress, BJP delegations at EC office again. \nFollow Live updates here: https://t.co/cRTglVmTeF https://t.co/2FciwsrO2c'",http://pbs.twimg.com/media/DGtv4r1UwAEYb6M.jpg
894904757961146369,2017-08-08 12:54:55,"b'Soldier killed after Pak forces fired at a military post along LoC in Poonch, J&amp;K https://t.co/VTsv09cQLl'",http://pbs.twimg.com/media/DGtW7pQUQAEUhrQ.jpg
894900416751616000,2017-08-08 12:37:40,b'Gujarat #RajyaSabhaPolls result Live: Counting in progress; Congress cries foul\nhttps://t.co/BDXfK1L6Am https://t.co/CmNYtGvpG8',http://pbs.twimg.com/media/DGtTLkcV0AAQJA0.jpg
894892647042531332,2017-08-08 12:06:48,"b'The numbers are in our favour. I am confident of victory: Ahmed Patel, Congress leader on #RajyaSabhaPolls https://t.co/NuQyw97l4W'",http://pbs.twimg.com/media/DGtMHP4UwAQlRZN.jpg
894891578690379776,2017-08-08 12:02:33,"b'Nitish ji had asked our Gujarat MLA Chhotubhai Vasava to vote for BJP and he voted BJP: KC Tyagi, JDU (ANI) https://t.co/URREPLYD0r'",http://pbs.twimg.com/media/DGtLG_-UwAI1jMS.jpg
894889855338950656,2017-08-08 11:55:42,"b'Two Congress MLAs Bholabhai and Raghavji Bhai voted for BJP: Shaktisinh Gohil, Congress on #RajyaSabhaPolls (ANI) https://t.co/DIB8tbrhFR'",http://pbs.twimg.com/media/DGtJj5KVYAErcA1.jpg
894887281470750720,2017-08-08 11:45:28,b'Gujarat: Visuals of celebrations at BJP office in Ahmedabad ahead of #RajyaSabhaPolls results (ANI) https://t.co/lNivj0a2Sb',http://pbs.twimg.com/media/DGtHNg9UwAEiQis.jpg
894885626528411648,2017-08-08 11:38:54,b'Chandigarh stalking case: Home Minister to make statement in Parliament on 9th August https://t.co/1aUFfTHdOx',http://pbs.twimg.com/media/DGtFsPdUIAAbicY.jpg
894884556922167297,2017-08-08 11:34:39,"b""#BREAKING -- If India keeps on ignoring China's warning, then war is inevitable: Global Times Editor https://t.co/WgBSPE9W4N""",http://pbs.twimg.com/media/DGtEu3zUIAA9BU1.jpg
894883312216309760,2017-08-08 11:29:42,b'Rahul Gandhi missing posters surface in his Amethi parliamentary constituency in Uttar Pradesh\n\n(Photo: ANI) https://t.co/lz11QLpTF4',http://pbs.twimg.com/media/DGtDn4IUAAAzYwX.jpg
894879767387709440,2017-08-08 11:15:37,"b""West Bengal: 8 killed, 25 injured after a bus fell into a canal in Nadia's Tehatta area (ANI) https://t.co/QlWxKgVBET""",http://pbs.twimg.com/media/DGtAZJoVoAIzCnM.jpg
894874861603921920,2017-08-08 10:56:07,b'CBI sends judicial requests to four countries in connection with Antrix-Devas deal being probed by it (PTI) https://t.co/GKkkqQTIZ9',http://pbs.twimg.com/media/DGs77uLVwAAtYmw.jpg
894870794882301952,2017-08-08 10:39:58,"b""#BREAKING -- If India keeps ignoring China's warning, war is inevitable: Global Times https://t.co/sFeA1J3WuG""",http://pbs.twimg.com/media/DGs4OrKUAAEizb3.jpg
894866923736809472,2017-08-08 10:24:35,b'#NewsAlert -- DCW writes to Home Minister Rajnath Singh on #ChandigarhStalking case #JusticeForVarnika https://t.co/YeqPbIRy6w',http://pbs.twimg.com/media/DGs0ra7VoAAt7_A.jpg
894852975226638336,2017-08-08 09:29:09,b'#BREAKING -- Mumbai stalking victim speaks out. She narrates 2 AM horror https://t.co/qTPQWydHjg',http://pbs.twimg.com/media/DGsoCDMVoAAnNjn.jpg
894851588510031872,2017-08-08 09:23:38,"b""Ahmed Patel is not scrounging for votes. It's the BJP who has been poaching: Omar Abdullah on #RajyaSabhaPolls https://t.co/r6BXbtML8Q""",http://pbs.twimg.com/media/DGsmxPRUAAAIARt.jpg
894842869030150144,2017-08-08 08:49:00,"b'#BREAKING -- A peon in a school in Malad, Mumbai, raped a 4-year-old girl; the accused has been arrested https://t.co/ZqCk1AbaMJ'",http://pbs.twimg.com/media/DGsewzTUQAARrKr.jpg
894841884811468800,2017-08-08 08:45:05,b'#NewsAlert -- #RajyaSabha adjourned till 2:30 pm https://t.co/3plMsrX99g',http://pbs.twimg.com/media/DGsd8GGVoAAiftB.jpg
894839284842151936,2017-08-08 08:34:45,"b""#BREAKING -- NIA questions pro-Pakistan separatist Syed Ali Shah Geelani's sons on terror funding case (PTI) https://t.co/maihDNSlPm""",http://pbs.twimg.com/media/DGsbgi1UAAI3999.jpg
894838027687673857,2017-08-08 08:29:45,b'#NewsAlert -- Voting for #Gujarat #RajyaSabhaPolls has ended \n\nLIVE UPDATES: https://t.co/uwjyMs0w7D https://t.co/BzvdDJwqm3',http://pbs.twimg.com/media/DGsaa82V0AAiNCd.jpg
894833943718936576,2017-08-08 08:13:32,b'Ahmed Patel will win #RajyaSabhaPolls despite cross-voting: @ashokgehlot51 https://t.co/VQVnVWjLpd',http://pbs.twimg.com/media/DGsWqWnVwAEYbND.jpg
894819294126546944,2017-08-08 07:15:19,"b'The attack on Rahul Gandhi is a serious matter and should be investigated: Congress leader, @ShashiTharoor https://t.co/6zmlobSRTa'",http://pbs.twimg.com/media/DGsJWDsUQAABrPK.jpg
894811156186976256,2017-08-08 06:42:59,"b'#BREAKING -- One Congres MLA Karmsinh Makwana cross votes in Gujarat #RajyaSabhaPolls, @MeghdootS with more details https://t.co/Al6kGih1iR'",http://pbs.twimg.com/media/DGsB_7ZUIAAlxIj.jpg
894805191785988097,2017-08-08 06:19:17,b'#NewsAlert -- SC rejects plea for extension of time for displacement of families affected by Sardar Sarovar Dam https://t.co/BbOXyzZGbS',http://pbs.twimg.com/media/DGr8fUEVoAAqIcb.jpg
894803295553806336,2017-08-08 06:11:44,"b""#NewsAlert -- SC seeks Centre's response on another PIL challenging Article 370 https://t.co/fDAiuzRK5N""",http://pbs.twimg.com/media/DGr6zZzUwAAEadD.jpg
894791314637602816,2017-08-08 05:24:08,b'#BREAKING -- SC dismisses PIL to make yoga compulsory in schools https://t.co/k6lAeYtd8m',http://pbs.twimg.com/media/DGrv69_VoAAJrbz.jpg
894782987866263552,2017-08-08 04:51:03,"b'#RajyaSabhaPolls -- Both NCP MLAs voting for BJP candidate, it is clear: #Gujarat CM Vijay Rupani | ANI https://t.co/2azbSt5LuF'",http://pbs.twimg.com/media/DGroX_RV0AE0KXa.jpg
894768548572155904,2017-08-08 03:53:40,b'Congress MLAs en route Gujarat assembly. Four candidates are fighting for 3 Rajya Sabha seats from Gujarat. https://t.co/f1NhodpfG5',http://pbs.twimg.com/media/DGrbP2BUIAI1pkk.jpg
894764027196211200,2017-08-08 03:35:42,b'#BREAKING -- Voting begins at the Gujarat assembly for Rajya Sabha election | ANI #RajyaSabhaPolls https://t.co/ze3LI7vF0j',http://pbs.twimg.com/media/DGrXEisUQAAo1f9.jpg
894610186697965568,2017-08-07 17:24:24,"b""Watch @bhupendrachaube's #Viewpoint on political butchery in God's own country. https://t.co/dskg7vxJJ9""",http://pbs.twimg.com/media/DGpLN_oV0AMPJGV.jpg
894605305744474112,2017-08-07 17:05:00,"b""'BJP-RSS polarising on religious ground' Shashi Tharoor to @bhupendrachaube on #Viewpoint https://t.co/Y6TAhvN8Dl""",http://pbs.twimg.com/media/DGpGxzoUIAALNKo.jpg
894602689736089601,2017-08-07 16:54:36,"b""'Need peace in order for Kerala to grow' @arunjaitley to @bhupendrachaube on #Viewpoint https://t.co/zJFAV3wtqy""",http://pbs.twimg.com/media/DGpEZnOV0AA9BZ6.jpg
894599300809752576,2017-08-07 16:41:08,b'Gripped by communist VS Sangh pariwar war. #Viewpoint with @bhupendrachaube https://t.co/zfwowwh66M',http://pbs.twimg.com/media/DGpBUTUUMAAj-zu.jpg
894586407062167553,2017-08-07 15:49:54,"b""'Beti Bachao, Beti Padao' just a slogan? @jawaharyadavbjp in conversation with @Zakka_Jacob on #FaceoffAt9 https://t.co/FUdDsoqGXW""",http://pbs.twimg.com/media/DGo1lzbVwAArsrL.jpg
894577112421552128,2017-08-07 15:12:58,"b'Marijuana city in the making, Nipton to be pot paradise?\n#India360 with @ArunodayM https://t.co/u83zFhcdWK'",http://pbs.twimg.com/media/DGotIzbV0AAqwxN.jpg
894571838340120576,2017-08-07 14:52:01,b'This school teacher is beating students for complaining about heat.\n#India360 with @ArunodayM https://t.co/wtDPAU74hi',http://pbs.twimg.com/media/DGooVzyV0AAxkiv.jpg
894571266849464327,2017-08-07 14:49:45,b'News from India you might have missed during the day.\n#India360 with @ArunodayM https://t.co/ZzEDHpSFkq',http://pbs.twimg.com/media/DGon0dtUQAELkoR.jpg
894570452802129925,2017-08-07 14:46:30,b'VIP goondaism costs a life.\n#India360 with @ArunodayM https://t.co/KEmQCxdetH',http://pbs.twimg.com/media/DGonFFWVoAALfcX.jpg
894569369845420032,2017-08-07 14:42:12,"b""The real princess diaries, Diana's unheard secrets.\n#India360 with @ArunodayM https://t.co/mxyFwXcgAr""",http://pbs.twimg.com/media/DGomF_vUIAAceb7.jpg
894564367064195075,2017-08-07 14:22:19,b'School children tying rakhis on the wrist of Prime Minister @narendramodi on #RakshaBandhan (Image: PTI) https://t.co/yPHcIHxzya',http://pbs.twimg.com/media/DGohaYAVwAAxPli.jpg
894554806294945793,2017-08-07 13:44:20,b'Why should I hide my face? I have done nothing wrong: Varnika Kundu to @shreyadhoundial on #Epicentre https://t.co/Cid2n8eHa4',http://pbs.twimg.com/media/DGoY2ZSUIAAbmG0.jpg
894552333601849350,2017-08-07 13:34:30,b'#Epicentre with @shreyadhoundial \n#JusticeForVarnika Call us &amp; share your view. https://t.co/eKhnmWAoz5',http://pbs.twimg.com/media/DGoV8lsUMAAaXLa.jpg
894536067725967360,2017-08-07 12:29:52,b'Tonight a special edition of #Viewpoint from #Kerala https://t.co/Nt8KPDJi8g',http://pbs.twimg.com/media/DGoHE2SV0AEnxTt.jpg
894520358568513541,2017-08-07 11:27:27,b'Tonight on #FaceoffAt9 with @Zakka_Jacob https://t.co/i57ezjzoyh',http://pbs.twimg.com/media/DGn5eRgVoAEtvRT.jpg
894520132461920256,2017-08-07 11:26:33,b'JUST IN -- Kerala vigilance department sends notice to state BJP President in connection with medical college scam https://t.co/CjmRYEc4oR',http://pbs.twimg.com/media/DGn5TfDUAAAZBzI.jpg
894519639501295616,2017-08-07 11:24:36,b'JUST IN -- BEST workers call off bus strike in Mumbai (file image) https://t.co/xtbuZv3ZG0',http://pbs.twimg.com/media/DGn42AaUIAQzw1L.jpg
894515344139616256,2017-08-07 11:07:31,"b'Ahmed Patel deceiving the court, FIR registered against him: Syed Bahardur Abbas Naqvi, Gen Secy, WAQF Board https://t.co/OWy6Gru8sb'",http://pbs.twimg.com/media/DGn09aaUIAArfjK.jpg
894507952970678277,2017-08-07 10:38:09,b'JUST IN -- Haryana BJP chief Subash Barala meets Chief Minister Khattar https://t.co/Ig98fqJpf9',http://pbs.twimg.com/media/DGnuLVGVoAEmluz.jpg
894500591908528129,2017-08-07 10:08:54,b'#EXCLUSIVE -- I am overwhelmed by the responses I got after my Facebook post: Varnika Kundu to CNN-News18 https://t.co/2naAnZXwiG',http://pbs.twimg.com/media/DGnnM_IUIAAFBQg.jpg
894478537645621249,2017-08-07 08:41:16,b'#NewsAlert -- BCCI ban on Sreesanth removed by Kerala HC https://t.co/v5stQ1YEua',http://pbs.twimg.com/media/DGnTPefVYAELfOb.jpg
894472682921525248,2017-08-07 08:18:00,"b""#ChandigarhStalking -- I call Ramveer Bhatti a 'moron': @Swamy39 on #JailVVIPBrat https://t.co/iZJ4Q55Cf9""",http://pbs.twimg.com/media/DGnOJngVoAAxnDW.jpg
894464071155687425,2017-08-07 07:43:47,"b'Home Ministry is conspiring to hush up the matter: Randeep Surjewala, Congress on Chandigarh Stalking Case https://t.co/OlNItCNPVx'",http://pbs.twimg.com/media/DGnGU5-UQAAyUuN.jpg
894460936542486528,2017-08-07 07:31:20,"b""Height of Dahi Handi shouldn't be more than 20 feet: Maharashtra Government on Janmashtami celebrations https://t.co/vieeuyNTZs""",http://pbs.twimg.com/media/DGnDbgTUwAAd4ag.jpg
894459690821632000,2017-08-07 07:26:23,"b'They are blaming the girl but the boy should be blamed: Sheila Dikshit, Former Delhi CM https://t.co/XRzW0AExM5'",http://pbs.twimg.com/media/DGnCVnQUMAAeRJC.jpg
894456861549658112,2017-08-07 07:15:08,b'BJP plans to divert attention from Medical Scam: Kerala CM in Assembly https://t.co/ll9Z6GxhtF',http://pbs.twimg.com/media/DGm_wp0UQAABLaE.jpg
894456635887714308,2017-08-07 07:14:14,b'Intelligence reports that BJP might carry attacks: Kerala CM in Assembly https://t.co/OBb2RhzjNR',http://pbs.twimg.com/media/DGm_jq5U0AAJTx1.jpg
894455846184271872,2017-08-07 07:11:06,"b'CHANDIGARH STALKING: The girl should not have gone out at 12 in the night: Ramveer Bhatti, Chandigarh BJP V-P https://t.co/ngYsZrDLJD'",http://pbs.twimg.com/media/DGm-2LQUIAEoUcE.jpg
894444483848187907,2017-08-07 06:25:57,b'#BREAKING -- Decomposed body of woman found in Lokhandwala by her son https://t.co/ArskVMrHzJ',http://pbs.twimg.com/media/DGm0dxVUwAA5rHH.jpg
894443687819608064,2017-08-07 06:22:47,b'Delhi: President #RamNathKovind celebrates #RakshaBandhan with children in Rashtrapati Bhavan | ANI https://t.co/ExF2U3ImYA',http://pbs.twimg.com/media/DGmzu9MVoAAD0Nz.jpg
894438963666079744,2017-08-07 06:04:01,"b""A BJP leader in Fatehabad, Hayrana stopped an ambulance and created ruckus that cost a patient's life, https://t.co/UzZNa8zyak""",http://pbs.twimg.com/media/DGmvfa5UAAAps6F.jpg
894428291108438016,2017-08-07 05:21:36,"b""#UPDATE -- BJP leader Darshan Nagpal's car was hit by an ambulance and he created a ruckus https://t.co/WKUADXkUQG""",http://pbs.twimg.com/media/DGmlxpDVYAAA37i.jpg
894427931019063298,2017-08-07 05:20:11,"b""#NewsAlert -- BJP Leader's arrogance claims life of a patient in Fatehbad, Haryana https://t.co/W1VrxdMhab""",http://pbs.twimg.com/media/DGmlcA6UwAAbxIa.jpg
894421453445095424,2017-08-07 04:54:26,"b'What happened was very unfortunate. Need to take care of ourselves: Haryana BJP, VP to CNN-News18 https://t.co/pCinD5lDC3'",http://pbs.twimg.com/media/DGmfh5EVYAA4DFQ.jpg
894420841563250688,2017-08-07 04:52:00,"b'The girl should not have gone out at 12 in the night: Ramveer Bhatti, Haryana BJP on Chandigarh stalking incident https://t.co/Mu3FcIkuOB'",http://pbs.twimg.com/media/DGme5uXV0AEpN1U.jpg
894398119873437696,2017-08-07 03:21:43,b'#NewsAlert -- Haryana Stalking: CCTV footage from 5 locations of route taken has gone missing. https://t.co/AkgeFm7mIj',http://pbs.twimg.com/media/DGmKTfLVYAECxH5.jpg
894385986104213504,2017-08-07 02:33:30,b'#BREAKING -- 36K best workers on strike in Mumbai; 3800 buses off streets. Office goers to be affected https://t.co/ATj09UAR4P',http://pbs.twimg.com/media/DGl_SkiU0AA9LEw.jpg
894367735244705792,2017-08-07 01:20:59,"b'#BREAKING -- LeT terrorist, Umer, killed in Pampore, J&amp;K in a joint encounter with the Police, Army and CRPF https://t.co/TwySP8UCPC'",http://pbs.twimg.com/media/DGlusI9UMAE5ZIT.jpg
894190529516249088,2017-08-06 13:36:50,b'RT @shreyadhoundial: This is how a  T-90 tank plays. #InternationalArmyGames @CNNnews18 https://t.co/8PgyfmqAUg',http://pbs.twimg.com/ext_tw_video_thumb/894181896493694976/pu/img/hZSgY_EllanBD-mU.jpg
894176728800608258,2017-08-06 12:41:59,"b'Twelve killed in Nigeria church shooting, reports AFP quoting hospital sources https://t.co/yIRBFlSjso'",http://pbs.twimg.com/media/DGjA-hbVwAAZF_t.jpg
894146109500772353,2017-08-06 10:40:19,b'#BREAKING -- Clashes between Gau Rakshaks and Khatik activists in Ahmednagar https://t.co/CX6gWjFMKd',http://pbs.twimg.com/media/DGilIWwV0AA7NFd.jpg
894138938465468416,2017-08-06 10:11:49,b'Three accused have been arrested &amp; they have completely revealed everything: IGP Kashmir | ANI #AmarnathAttack https://t.co/SqpmhOOQJ3',http://pbs.twimg.com/media/DGiemrBU0AIO5jm.jpg
894138026812518401,2017-08-06 10:08:12,"b'#BREAKING -- Pak links to #AmarnathAttack.  Attack was planned on 9th July, but was postponed: J&amp;K IG https://t.co/k8UhYC6gQu'",http://pbs.twimg.com/media/DGidypmVwAA4jvy.jpg
894137231702609920,2017-08-06 10:05:02,b'#BREAKING -- LeT behind #AmarnathAttack Three accused arrested: IGP Kashmir Munir Khan https://t.co/mnaH9HPeeo',http://pbs.twimg.com/media/DGidEEIVoAAmdpZ.jpg
894126715856760832,2017-08-06 09:23:15,b'Gujarat Cong MLAs to go back tomorrow in 2 batches. Resort booked for them near Ahmedabad. https://t.co/JyoTamrUTb',http://pbs.twimg.com/media/DGiTcU5V0AAI-gt.jpg
894099338749657088,2017-08-06 07:34:28,b'What is being said is that people from rival party were involved: Jaitley on slain RSS worker https://t.co/w3tb5d0VYh',http://pbs.twimg.com/media/DGh6id6U0AMSDe-.jpg
894098135563108352,2017-08-06 07:29:41,b'Jaitley on slain RSS worker: His family has no means to earn money. 70-80 wounds were inflicted on his body https://t.co/Xa73Zjliky',http://pbs.twimg.com/media/DGh5dKiVoAQwNH8.jpg
894087773166084096,2017-08-06 06:48:31,b'First on CNN-News18 -- Finance Minister Arun Jaitley meets family of slain RSS worker https://t.co/ahbad2v2Da',http://pbs.twimg.com/media/DGhwFdeV0AAIhOj.jpg
894076121687367680,2017-08-06 06:02:13,"b""#NewsAlert -- Finance Minister Arun Jaitley reaches Kerala. He will meet RSS victim's kin shortly https://t.co/BKUTacmYmX""",http://pbs.twimg.com/media/DGhlS4FUMAAExdU.jpg
894072903716687872,2017-08-06 05:49:25,b'First on CNN-News18 \xe2\x80\x93 CPM workers protest ahead of Arun Jaitley\xe2\x80\x99s visit. https://t.co/D8InHe5yGe',http://pbs.twimg.com/media/DGhij_ZVoAEd9a9.jpg
894066754032287744,2017-08-06 05:24:59,b'#UPDATE -- Arrested Bangladeshi terrorist used to provide shelter to terrorists and fake ID cards for them https://t.co/La67EVssD0',http://pbs.twimg.com/media/DGhc6onUIAEMZ9B.jpg
894064154843111424,2017-08-06 05:14:40,"b""Good friends are like stars. You don't always see them, but you know they are always there. Happy #FriendshipDay https://t.co/3t8zTTYalp""",http://pbs.twimg.com/media/DGhaY7hU0AA3aEZ.jpg
894063669964791809,2017-08-06 05:12:44,b'#AmarnathAttack case busted. J&amp;K Police to hold press conference at 3:30 PM in Anantnag https://t.co/cs4renuz5m',http://pbs.twimg.com/media/DGhaI27UMAAfD17.jpg
894060904358084608,2017-08-06 05:01:45,b'Dream destination Gurez; A boost for Kashmir tourism | @islahmufti https://t.co/uksjJukbHD',http://pbs.twimg.com/media/DGhXpcDUAAE-8RG.jpg
894058682576543745,2017-08-06 04:52:55,b'#UPDATE -- Abdullah was associated with the group Ansarullah Bangla Team\nImage - ANI https://t.co/qcGt9k2tBE',http://pbs.twimg.com/media/DGhVmr7UwAA0nHx.jpg
894058359334199296,2017-08-06 04:51:38,b'#NewsAlert -- Bangladeshi terrorist Abdullah arrested from Muzaffarnagar by Uttar Pradesh ATS https://t.co/1X241I1uNw',http://pbs.twimg.com/media/DGhVU3DVoAAUUQC.jpg
894056281312329728,2017-08-06 04:43:22,b'Gujarat Cong MLAs internal meet  \nwith Shaktisinh Gohil to discuss plan of action https://t.co/eURn2zTlGZ',http://pbs.twimg.com/media/DGhTY-YVwAALpUG.jpg
894052700194709504,2017-08-06 04:29:09,"b'""Friends are the most important ingredient in this recipe of life."" Happy Friendship Day #FriendshipDay https://t.co/edAEJiypjZ'",http://pbs.twimg.com/media/DGhQHjLV0AA4zDm.jpg
893859605544972288,2017-08-05 15:41:51,"b""Terrorists attack police party in J&amp;K's Nowgam, Police retaliated; Search ops to nab terrorists underway (ANI) https://t.co/GKdWmuDUe1""",http://pbs.twimg.com/media/DGegjj_UAAAHXf7.jpg
893858659570024449,2017-08-05 15:38:06,b'#OperationTaxi: CNN-News18\xe2\x80\x99s investigation reveals the dark side of app based cab aggregators\n@saahilmenghani https://t.co/uitr1tUSVS',http://pbs.twimg.com/media/DGeftVIU0AAW5eb.jpg
893837248277340160,2017-08-05 14:13:01,b'Venkaiah Naidu at his residence in Delhi after winning #VicePresidentialElection \n(Photos: ANI) https://t.co/lmXjQsXxVX',http://pbs.twimg.com/media/DGeMMxyUQAA1wSE.jpg
893827628196519936,2017-08-05 13:34:47,b'#VicePresidentialElections results being announced https://t.co/jPOK4WMpbq',http://pbs.twimg.com/media/DGeDfEcUQAABbXT.jpg
893824523128131584,2017-08-05 13:22:27,b'#NewsAlert- Meeting of Congress Working Committee to take place on 8th August in Delhi (ANI) https://t.co/UI27NvD6W0',http://pbs.twimg.com/media/DGeAo-kUwAAt8vZ.jpg
893787845546065920,2017-08-05 10:56:42,"b'Rishikesh (Uttarakhand): A jeep with 13 passengers stranded in flood water, all passengers later rescued (ANI) https://t.co/yMJpOpNObt'",http://pbs.twimg.com/media/DGdfQRVUwAEZrsS.jpg
893775033969004544,2017-08-05 10:05:48,"b""3 students drown off beach in Mumbai's Dadar Chowpatty https://t.co/kpsBTuTNj6""",http://pbs.twimg.com/media/DGdToeZVoAA-yx6.jpg
893764129944555522,2017-08-05 09:22:28,"b""Gujarat: Congress workers hold protest in Ahmedabad against attack on the party VP Rahul Gandhi's convoy. https://t.co/vQ6I2oJZER""",http://pbs.twimg.com/media/DGdJiSiVYAA_TJj.jpg
893760428378963968,2017-08-05 09:07:46,"b'#NewsAlert -- Rahul Gandhi meets OBC leaders from Andhra Pradesh, Telangana and Karnataka https://t.co/RURy4lYXeA'",http://pbs.twimg.com/media/DGdGW70UMAEn_9k.jpg
893751119855271936,2017-08-05 08:30:46,b'#VicePresidentElection -- 90.83% voting till 1 PM. Counting of votes to begin from 6 PM. https://t.co/7ylBsIR3l8',http://pbs.twimg.com/media/DGc9fsAUQAADtsY.jpg
893750367602618368,2017-08-05 08:27:47,"b""Chandigarh Police detains Haryana BJP President's son for stalking a girl https://t.co/HMJ3aEU35Q""",http://pbs.twimg.com/media/DGc9LpHUAAE1F3g.jpg
893727154466246657,2017-08-05 06:55:32,"b'Our MLAs helped people who are affected by floods: Shaktisinh Gohil, Congress https://t.co/h7CiwqpMIv'",http://pbs.twimg.com/media/DGcoGuIU0AIhARa.jpg
893724429582123008,2017-08-05 06:44:43,"b'#NewsAlert -- Bus accident in Chitoor district, Andhra Pradesh, 4 foreigners dead https://t.co/QEk2my0YoT'",http://pbs.twimg.com/media/DGclmESUwAAFAL1.jpg
893712292738498560,2017-08-05 05:56:29,"b'Gujarat drowns, Congress MLAs from the state tour Bengaluru in buses. https://t.co/O6wvEKLZHO'",http://pbs.twimg.com/media/DGcalpDV0AEIm5j.jpg
893708850850693120,2017-08-05 05:42:49,"b""No officer was informed about the raids. This is against the constitution: Siddaramaiah, K'taka CM on I-T raids https://t.co/r9kLmnVRI7""",http://pbs.twimg.com/media/DGcXZz5V0AAukQM.jpg
893707280176168960,2017-08-05 05:36:34,b'#NewsAlert -- Khawaja Muhammad AsifKhwaja Asif is the new Foreign Minister of Pakistan https://t.co/2WXA84eXBT',http://pbs.twimg.com/media/DGcV1kuUMAAGufL.jpg
893701629865672704,2017-08-05 05:14:07,b'Gujarat Congress MLAs to meet Karnataka Governor today at 11:30 AM https://t.co/Q4PI7GS7j3',http://pbs.twimg.com/media/DGcQ2eGVoAAXfF2.jpg
893700552164466688,2017-08-05 05:09:50,"b'#BREAKING - Firing reported from Wan Poh in Kulgam District, J&amp;K https://t.co/fCG7PCE9WK'",http://pbs.twimg.com/media/DGcP1WiVYAAGABM.jpg
893697799434379264,2017-08-05 04:58:54,b'#UPDATE - Two terrorists identified as Javid Ahmed and Abid Hamid Mir. The third terrorist is yet to be identified. https://t.co/cTdzYpne2u',http://pbs.twimg.com/media/DGcNYlRUwAEOqR6.jpg
893695507901538306,2017-08-05 04:49:47,"b'I want your support. No one can hide the truth: DK Shivakumar, Congress on I-T Raids https://t.co/idVAh10RQJ'",http://pbs.twimg.com/media/DGcLULUUQAA1vh0.jpg
893691631769014272,2017-08-05 04:34:23,b'#VicePresidentialElection -- PM Narendra Modi arrives for voting. Numbers in favour of NDA nominee Venkaiah Naidu https://t.co/7IOyesqfnq',http://pbs.twimg.com/media/DGcHzCXUwAEF-ge.jpg
893686605730299904,2017-08-05 04:14:25,"b""Here's how the votes stack up for the Vice-Presidential Poll #NaiduVsGandhi https://t.co/JtSrA75p1o""",http://pbs.twimg.com/media/DGcCLM6VYAEV99e.jpg
893672905522925568,2017-08-05 03:19:58,"b""#NewsAlert -- Karnataka CM to meet Gujarat Cong MLAs in B'luru resort at 10 AM https://t.co/Av9sWcagBV""",http://pbs.twimg.com/media/DGb2rrMVwAAMjUr.jpg
893664159870537730,2017-08-05 02:45:13,b'Global Times targets PM Modi; warns him not to push India in a reckless conflict with China. https://t.co/iN2CAArOWs',http://pbs.twimg.com/media/DGbuyEqUMAApldm.jpg
893660993041055744,2017-08-05 02:32:38,"b'#UPDATE -- Internet services blocked in Baramulla district, J&amp;K after attack. https://t.co/UkSWsirmyW'",http://pbs.twimg.com/media/DGbr6lgV0AAvG3t.jpg
893646896396288001,2017-08-05 01:36:37,"b'#BREAKING - Encounter underway at Sopore, J&amp;K; 3 militants killed, 1 Police jawan injured https://t.co/Ao3ximstv7'",http://pbs.twimg.com/media/DGbfGNfVYAAbBhQ.jpg
893515234941444096,2017-08-04 16:53:27,"b""#EXCLUSIVE 'News has become like a Hindi cinema now' @iamsrk to @bhupendrachaube on #Viewpoint https://t.co/ihaM9IYVsm""",http://pbs.twimg.com/media/DGZnXczVYAA71em.jpg
893513842210160640,2017-08-04 16:47:55,"b""Team 'Jab Harry Met Sejal' @AnushkaSharma @iamsrk on #Viewpoint in conversation with @bhupendrachaube https://t.co/JWsgcliVYh""",http://pbs.twimg.com/media/DGZmGU2VoAAkaYK.jpg
893512837380755460,2017-08-04 16:43:55,b'#EXCLUSIVE @iamsrk on Tamil actors turning to politics. #Viewpoint @bhupendrachaube https://t.co/YsBDmKUPFm',http://pbs.twimg.com/media/DGZlLzvV0AA57lW.jpg
893512241772810240,2017-08-04 16:41:33,"b""#EXCLUSIVE 'I am still struggling to be an actor' @iamsrk to @bhupendrachaube on #Viewpoint https://t.co/ArFg3lxpcw""",http://pbs.twimg.com/media/DGZkpFgUIAAkgZ3.jpg
893510945766428672,2017-08-04 16:36:24,"b""#EXCLUSIVE @iamsrk is very gracious and supportive' @AnushkaSharma to @bhupendrachaube on #Viewpoint https://t.co/C2jcPCrx5V""",http://pbs.twimg.com/media/DGZjdxmUIAE-7Uv.jpg
893509789853958144,2017-08-04 16:31:49,"b""#EXCLUSIVE 'Being lost is the best way to be' @iamsrk to @bhupendrachaube on #Viewpoint https://t.co/2sBRBKhvvG""",http://pbs.twimg.com/media/DGZiabLUMAAhSyO.jpg
893504982586085376,2017-08-04 16:12:43,b'Watch @MBRajeshCPM VS @GVLNRAO on #FaceoffAt9 with @Zakka_Jacob https://t.co/f6C3gaT5vH',http://pbs.twimg.com/media/DGZeCndVYAAv9f6.jpg
893498385784754176,2017-08-04 15:46:30,"b""'This is a state sponsored violence &amp; terrorism' @GVLNRAO to @Zakka_Jacob on #FaceoffAt9 https://t.co/BjMLbkVbM2""",http://pbs.twimg.com/media/DGZYCcmUwAAIrzU.jpg
893498027381370881,2017-08-04 15:45:04,"b""Tonight on #Viewpoint watch @iamsrk &amp; @AnushkaSharma in a candid conversation with @bhupendrachaube. Don't miss it. https://t.co/sYEOMG5Xgu""",http://pbs.twimg.com/media/DGX7VWRUMAE1NE9.jpg
893497306829307905,2017-08-04 15:42:12,"b""'We are working hard to restore peace' @MBRajeshCPM to @Zakka_Jacob on #FaceoffAt9 https://t.co/zbrFAkekV6""",http://pbs.twimg.com/media/DGZXDxPUIAAlSsq.jpg
893483487163895809,2017-08-04 14:47:18,"b'This guy is jumping his way into the record books, take a look.\n#India360 with @ArunodayM https://t.co/qfstgohbXa'",http://pbs.twimg.com/media/DGZKfeAUQAMsGRK.jpg
893482665210372098,2017-08-04 14:44:02,b'Kids be cautious while using the fidget spinners.\n#India360 with @ArunodayM https://t.co/qUIVgVs1gG',http://pbs.twimg.com/media/DGZJvnSVYAAk5M9.jpg
893480671238213632,2017-08-04 14:36:06,b'Sena threat to singer @MikaSingh.\n#India360 with @ArunodayM https://t.co/Mw0JJhDe5l',http://pbs.twimg.com/media/DGZH7fsV0AABbeN.jpg
893480079992344576,2017-08-04 14:33:45,"b""Please don't try this.\n#India360 with @ArunodayM https://t.co/JOTyQLuk9j""",http://pbs.twimg.com/media/DGZHZKDVoAA-qEI.jpg
893471606298656768,2017-08-04 14:00:05,"b""Tonight on #Viewpoint watch @iamsrk &amp; @AnushkaSharma in a candid conversation with @bhupendrachaube. Don't miss it. https://t.co/uN8r16JT0s""",http://pbs.twimg.com/media/DGX7VWRUMAE1NE9.jpg
893463515322646529,2017-08-04 13:27:56,b'#NewsAlert -- Ayodhya Land Dispute Case: Supreme Court has listed the case for hearing on 11th August https://t.co/vun2zj7IFt',http://pbs.twimg.com/media/DGY4S-wVwAEMGCE.jpg
893443732535615489,2017-08-04 12:09:19,b'Congress Vice President Rahul Gandhi hits out at PM Modi https://t.co/Pbj37JINrv',http://pbs.twimg.com/media/DGYmNrNVoAEz97a.jpg
893429795194679296,2017-08-04 11:13:56,b'@rssurjewala #UPDATE -- Rahul Gandhi is fine but the members are injured: @INCIndia tweets https://t.co/mY8c9FTrmL',http://pbs.twimg.com/media/DGYZhHxUQAERdTc.jpg
893394364554031104,2017-08-04 08:53:09,"b""SC agrees to examine allegations of 'systematic radicalization' in Kerala https://t.co/qdDMH9Oz0i""",http://pbs.twimg.com/media/DGX5btZUIAEoLv1.jpg
893392885889941504,2017-08-04 08:47:17,"b""Veteran actor Dilip Kumar's kidney functions not proper: hospital (PTI) https://t.co/uPJ7KK5NPD""",http://pbs.twimg.com/media/DGX4FVeUAAEIB_q.jpg
893382308908023809,2017-08-04 08:05:15,b'National Human Rights Commission (NHRC) issues notice to Kerala govt. over assault on BJP-RSS workers in the state https://t.co/ZeUfH4ycWY',http://pbs.twimg.com/media/DGXudXmVYAA3nez.jpg
893379097656676352,2017-08-04 07:52:29,"b""10 people missing after a boat capsizes in Bihar's Bagaha. Rescue operations are on. https://t.co/jgtmo9QcXH""",http://pbs.twimg.com/media/DGXramNVYAE20O4.jpg
893354925102583810,2017-08-04 06:16:26,b'Rajya Sabha adjourned briefly after uproar by UP parties over renaming of Mughalsarai railway station (PTI) https://t.co/4XRDxeLJpT',http://pbs.twimg.com/media/DGXVjcAUAAAnCJg.jpg
893354538609942528,2017-08-04 06:14:54,b'Disturbing visuals: Two drunk men fall to death from Amboli Ghat in Maharashtra https://t.co/qaKAJUmwsb',http://pbs.twimg.com/amplify_video_thumb/893353124018110464/img/AWCY2srg5ITYjN3x.jpg
893346087011930112,2017-08-04 05:41:19,"b""Happy birth anniversary to India's legendary singer, Kishore Kumar https://t.co/toQU2sm2y9""",http://pbs.twimg.com/media/DGXNfRXUIAAfb96.jpg
893337972908539905,2017-08-04 05:09:04,b'EVMs are tamper-proof and credible machines: Election Commission to Supreme Court https://t.co/5MUtpfwUrG',http://pbs.twimg.com/media/DGXGEn_UQAA7rIf.jpg
893327032188190724,2017-08-04 04:25:36,"b'Flames engulf 86-storey residential skyscraper in Dubai, reports PTI quoting AP https://t.co/4N8i7Nxa5b'",http://pbs.twimg.com/media/DGW8MGTUIAAUGFt.jpg
893312210046464001,2017-08-04 03:26:42,b'Ola engineer accused of stealing Aadhar data arrested in Bengaluru https://t.co/jWPs1SM3JI',http://pbs.twimg.com/media/DGWutcPUQAEtSQR.jpg
893297524219539465,2017-08-04 02:28:21,b'Bombay High Court slams BMC for not repairing potholes. HC Chief Justice orders to form nodal agency https://t.co/jIUgMhAg4F',http://pbs.twimg.com/media/DGWhOXZVoAAsIT8.jpg
893152236993261568,2017-08-03 16:51:01,"b""Is mobocracy becoming the new normal in India? Listen in to @bhupendrachaube's #Viewpoint https://t.co/PFep7sBrt4""",http://pbs.twimg.com/media/DGUdOFyUIAEPZ2G.jpg
893148641065553920,2017-08-03 16:36:44,"b""#NewsAlert -- Arun Jaitley to visit murdered RSS activist's house in Kerala on 6th August https://t.co/15iO1BKxRc""",http://pbs.twimg.com/media/DGUZ3JGUwAA9TB5.jpg
893135789298663424,2017-08-03 15:45:40,"b'#FaceOffAt9 \xe2\x80\x93 There should\xe2\x80\x99ve been a focused debate in Parliament about China: KC Singh, Former Diplomat https://t.co/wLBMyfvJsi'",http://pbs.twimg.com/media/DGUOQoeUQAArWll.jpg
893104154830225409,2017-08-03 13:39:58,b'#BREAKING \xe2\x80\x93 India has the best relation with Arab countries in the world: EAM Sushma Swaraj in Rajya Sabha https://t.co/IH62jvjXDt',http://pbs.twimg.com/media/DGTxfWBVoAEudGG.jpg
893097135465353217,2017-08-03 13:12:04,b'#LIVE -- PM Modi has earned respect for the country. He has brought glory to India: EAM Sushma Swaraj in Rajya Sabha https://t.co/Hbp5JMxVLZ',http://pbs.twimg.com/media/DGTrGzDUQAEFp1I.jpg
893069149647151104,2017-08-03 11:20:52,"b""#BREAKING -- Kashmir Separatist Leader Shabir Shah's custody extended by 6 days https://t.co/cYVcHxAhNC""",http://pbs.twimg.com/media/DGTRoiHV0AArTZd.jpg
893068291790393346,2017-08-03 11:17:27,"b'#BREAKING -- Government Sources on LoC Trade: Uri-Muzaffarabad bus to resume, and trade to start from Tuesday https://t.co/OMLN0JHsKy'",http://pbs.twimg.com/media/DGTQ2MPUIAAVCwF.jpg
893066721401085952,2017-08-03 11:11:13,b'Government is drafting a central law to deal with Chit Fund schemes: Finance Minister Arun Jaitley in Lok Sabha https://t.co/fdGdGnYVx2',http://pbs.twimg.com/media/DGTPb5kVYAESiPl.jpg
893063230427340800,2017-08-03 10:57:21,"b'100 bridges in India are on verge to collapse: Road and Transport Minister, Nitin Gadkari in Lok Sabha https://t.co/VHy4DjYSKW'",http://pbs.twimg.com/media/DGTMQImUIAExk1g.jpg
893056072277139456,2017-08-03 10:28:54,b'Government is working to curb black money and demonetisation is the perfect example: BJP President Amit Shah https://t.co/6VCK80BNoU',http://pbs.twimg.com/media/DGTFuVqV0AAff5-.jpg
893052359772745728,2017-08-03 10:14:09,b'#EXCLUSIVE -- Election Commission writes to Finance Ministry and seeks details of the Income Tax raids: Sources https://t.co/6zXDzV0pcK',http://pbs.twimg.com/media/DGTCXSmUAAE5x5N.jpg
893051741314338816,2017-08-03 10:11:41,b'Pujara and Rahane are building a strong partnership. Track all the live updates here\nhttps://t.co/kqlMlzNqRz https://t.co/gNcTOTtlEK',http://pbs.twimg.com/media/DGTBmm_UwAAdWl8.jpg
893041746065608704,2017-08-03 09:31:58,"b""#OperationTaxi -- Call us NOW on 0120-4341895 and share you 'cab horror' story with us https://t.co/Fa6hoJiQjV""",http://pbs.twimg.com/media/DGS4t4_UwAAdMFa.jpg
893036487003914242,2017-08-03 09:11:04,b'Sushma Swaraj addresses Parliament on India-China border standoff https://t.co/HbkFfvy0Mn',http://pbs.twimg.com/media/DGSz8i8VwAAb-Xb.jpg
893027173644161024,2017-08-03 08:34:04,"b'Cheteshwar Pujara, Harmanpreet Kaur, Mariyappan Thangavelu, and 14 other sports-persons to get Arjuna Awards https://t.co/kLDQEbcFae'",http://pbs.twimg.com/media/DGSrdzRUIAAUwUa.jpg
893022265729732608,2017-08-03 08:14:34,"b""#BREAKING -- IGIMS Patna removes the word 'virgin' from declaration after the controversy https://t.co/tGNUnGofFq""",http://pbs.twimg.com/media/DGSm815VYAIr3Q0.jpg
893011661484720128,2017-08-03 07:32:26,b'JUST IN -- 9 Congress MLAs in touch with JDU-BJP government in Bihar: Sources https://t.co/0iw5zRUsyv',http://pbs.twimg.com/media/DGSdW_aVoAICR33.jpg
893003989284921345,2017-08-03 07:01:56,b'Lok Sabha has been adjourned due to RSS killings in Kerala https://t.co/EPBffwBt2H',http://pbs.twimg.com/media/DGSWXeIUAAAVJ0s.jpg
893000710110957569,2017-08-03 06:48:55,b'Huma Qureshi turns show stopper for Rina Dhaka. | @Mugdha_Kapoor https://t.co/DkzPkmHBwE',http://pbs.twimg.com/amplify_video_thumb/892996559834464256/img/IbfrxaahTrBGx_xX.jpg
892999782951657472,2017-08-03 06:45:14,"b""READ: The full text of PM Narendra Modi's farewell letter to Pranab Mukherjee https://t.co/1txvPY9xGL""",http://pbs.twimg.com/media/DGSSjmmVYAAPepG.jpg
892989380230488064,2017-08-03 06:03:53,"b""Why didn't you challenge when EC issued NOTA circulars in Jan 2014 and 2015? SC asks Gujarat Congress Chief Whip https://t.co/adH2ZD6yVH""",http://pbs.twimg.com/media/DGSJF5dVoAA3_sT.jpg
892987001401524225,2017-08-03 05:54:26,"b'Banks are dealing with NPAs, Lok Sabha will pass soon: Arun Jaitley in Rajya Sabha https://t.co/nAvIPLo0tm'",http://pbs.twimg.com/media/DGSG6F8U0AAuItv.jpg
892983695073714177,2017-08-03 05:41:18,b'Madras HC serves notice to Tamil Nadu CM and four other ministers; notice based on PIL that Sasikala is running govt https://t.co/vookTUqrP8',http://pbs.twimg.com/media/DGSD5FFUIAASL32.jpg
892980917496500224,2017-08-03 05:30:16,b'Salman Khan to appear in Jodhpur court tomorrow to deposit bail bond again in connection with blackbuck case https://t.co/9IUHKhgA0t',http://pbs.twimg.com/media/DGSBX41VwAIIOZW.jpg
892980666547052546,2017-08-03 05:29:16,b'#BREAKING -- 3 people allegedly thrashed in over cow smuggling suspicion in Bihar https://t.co/gsQqs974Fb',http://pbs.twimg.com/media/DGSBKurUIAAizUd.jpg
892978498477871105,2017-08-03 05:20:39,"b""IT raids continue at premises owned by Karnataka Minister DK Shivakumar in Delhi's Safdarjung area (ANI) https://t.co/xftIIMakCd""",http://pbs.twimg.com/media/DGR-fEXU0AAwNt6.jpg
892974490656792577,2017-08-03 05:04:43,b'Congress likely to raise China issue in Rajya Sabha today https://t.co/2A0TZSHl5d',http://pbs.twimg.com/media/DGR7hzhVwAAWdpb.jpg
892945518384431104,2017-08-03 03:09:36,"b""#BREAKING -- Bihar Health Minister Mangal Pandey says 'Virgin' means being unmarried https://t.co/tSJwYhy6eW""",http://pbs.twimg.com/media/DGRhNgSV0AIPxv5.jpg
892799754769268736,2017-08-02 17:30:23,b'.@GautamGambhir is our #Hero of the day on #Viewpoint with @bhupendrachaube https://t.co/WSi1Yw2IiA',http://pbs.twimg.com/media/DGPco8pVoAAwCwB.jpg
892797203231657984,2017-08-02 17:20:15,"b'Anupriya was harassed by @Olacabs driver, listen in to this horrific incident. #Viewpoint with @bhupendrachaube https://t.co/bxg1yZZGSA'",http://pbs.twimg.com/media/DGPaUXdVYAAyJI_.jpg
892793443528749056,2017-08-02 17:05:18,"b""Watch @bhupendrachaube's #Viewpoint on the ongoing #Doklam standoff. https://t.co/XCo1sAu7bU""",http://pbs.twimg.com/media/DGPW5okVYAAo6gx.jpg
892791501624795136,2017-08-02 16:57:35,b'#BREAKING -- Cabinet approves scrapping of no detention policy in schools. https://t.co/qc62oSolBq',http://pbs.twimg.com/media/DGPVHqUUwAAJnWE.jpg
892788321172062209,2017-08-02 16:44:57,"b""CNN-News18's @SiddiquiMaha decoding the truth about #Doklam . #Viewpoint with @bhupendrachaube https://t.co/78lfn6Dqca""",http://pbs.twimg.com/media/DGPSPZuU0AAxJ2W.jpg
892787450598146048,2017-08-02 16:41:30,b'5 updates on the #Doklam standoff.\n#Viewpoint with @bhupendrachaube https://t.co/y1uEBOhA4k',http://pbs.twimg.com/media/DGPRcvdVwAAhc_u.jpg
892778877344284672,2017-08-02 16:07:26,b'Watch @GVLNRAO VS @dineshgrao on #FaceoffAt9 with @Zakka_Jacob https://t.co/lhzYTr8HwY',http://pbs.twimg.com/media/DGPJpvMU0AALT2S.jpg
892774906655498241,2017-08-02 15:51:39,"b'Actor Dileep Kumar admitted in Lilavati hospital, Mumbai, due to Kidney issue\n(File Image) https://t.co/xIqpyf8bdX'",http://pbs.twimg.com/media/DGPF8y2UAAATXaz.jpg
892774083447762944,2017-08-02 15:48:23,"b""'Why BJP is targeting only the opposition leaders' Danish Ali, JDS. #FaceoffAt9 with @Zakka_Jacob https://t.co/xu2umNZiO3""",http://pbs.twimg.com/media/DGPFSutUwAAILUk.jpg
892766934277566464,2017-08-02 15:19:58,"b'#BREAKING -- Taking note of #OperationTaxi, @Uber_India promises to take action #CNNnews18Impact | @saahilmenghani https://t.co/bLZIa0AbRn'",http://pbs.twimg.com/media/DGO-yiLUAAUbHSl.jpg
892763323556544512,2017-08-02 15:05:37,b'Tonight on #FaceoffAt9 with @Zakka_Jacob https://t.co/7eNzy7Tzrb',http://pbs.twimg.com/media/DGO7emNUIAAAJvK.jpg
892760175433588736,2017-08-02 14:53:07,"b'#NewsAlert -- Indus Water Treaty: India and Pakistan to hold talks next month, says World Bank https://t.co/k5GwyhvDxQ'",http://pbs.twimg.com/media/DGO4oTkUwAEda3c.jpg
892758529152475136,2017-08-02 14:46:34,b'News from India &amp; around the world you might have missed.\n#India360 with @ArunodayM https://t.co/c1XgB5PUzz',http://pbs.twimg.com/media/DGO3JRqU0AAnsPq.jpg
892757211352408064,2017-08-02 14:41:20,"b'Band bajaa in the hospital ICU, Seriously?\n#India360 with @ArunodayM https://t.co/sAE20FpOlK'",http://pbs.twimg.com/media/DGO18n3V0AATbAY.jpg
892756346746978308,2017-08-02 14:37:54,b'Take a look at what the RBI rate cut means for you.\n#India360 with @ArunodayM https://t.co/oN4rwlI8fS',http://pbs.twimg.com/media/DGO1KNSUMAAAKWC.jpg
892755629940523008,2017-08-02 14:35:03,"b""No one can take the front seat when 'Husky' is going out on a drive.\n#India360 with @ArunodayM https://t.co/k1EMDJuiE7""",http://pbs.twimg.com/media/DGO0gbNUQAA3YyU.jpg
892738706620112901,2017-08-02 13:27:48,b'A look at the cuts &amp; rises in bank lending rates by basis points #RBIPolicy https://t.co/rd8QR6XcAr',http://pbs.twimg.com/media/DGOlHQHUMAA0O3B.jpg
892726643407544320,2017-08-02 12:39:52,"b""#OperationTaxi -- Here's a timeline of app-based cab incidents that took place from 2014-2017. https://t.co/DSEy54xel3""",http://pbs.twimg.com/media/DGOZ_4OUQAA3JyB.jpg
892722905749929984,2017-08-02 12:25:01,b'COMING UP next on CNN-News18 #OperationTaxi https://t.co/mKh7ITI2Ah',http://pbs.twimg.com/media/DGNqhZ3UwAAF7cn.png
892720388831977472,2017-08-02 12:15:01,"b'COMING UP next a special investigation report #OperationTaxi, Once a safe option, now a nightmare. https://t.co/T4WCb5rly1'",http://pbs.twimg.com/amplify_video_thumb/892652613799260161/img/we9lifJRoJf6-ITo.jpg
892719687091355648,2017-08-02 12:12:13,"b""Here's some interesting facts and figures about human-wildlife conflict in India. https://t.co/gDAFgRCRjI""",http://pbs.twimg.com/media/DGOThUcV0AEooMi.jpg
892709063359959040,2017-08-02 11:30:01,b'#OperationTaxi Tune in to our special investigation at 6 pm. https://t.co/nSz1INnVjP',http://pbs.twimg.com/media/DGNqXuKUMAAS9eT.png
892702130561105922,2017-08-02 11:02:28,"b""PM Narendra Modi doesn't want discussion on things in both the houses: Congress Vice-President Rahul Gandhi https://t.co/EnsIvCurOq""",http://pbs.twimg.com/media/DGOD1yOVoAAJeK5.jpg
892701744601243648,2017-08-02 11:00:56,b'Nitish Kumar is an arrogant leader and he is self-obsessed. He cannot face criticism: RJD leader Tejashwi Yadav https://t.co/k19EAnsXYA',http://pbs.twimg.com/media/DGODfmFUMAArgMp.jpg
892701331600928768,2017-08-02 10:59:17,b'Supreme Court reserves the verdict on Right to Privacy till 27th August https://t.co/BxGuQDcJJ5',http://pbs.twimg.com/media/DGODH2kUAAAjcXf.jpg
892700271029043200,2017-08-02 10:55:04,"b""Kashmir Separatist Leader Shabir Shah's custody extended by one day; he was arrested by ED in money laundering case https://t.co/ledZUeSGd3""",http://pbs.twimg.com/media/DGOCFB5UMAEwEdS.jpg
892682295554883588,2017-08-02 09:43:39,b'Tweet to us using #OperationTaxi and we will take your story on air at 6 pm. https://t.co/BRzmMJSeng',http://pbs.twimg.com/media/DGNxHWRUwAAe2bx.png
892666288580972544,2017-08-02 08:40:02,"b'#BREAKING -- Neymar informs #FCBarcelona teammates he is leaving the club, a Barca source tells AFP https://t.co/bhWdudsn2Y'",http://pbs.twimg.com/media/DGNjO6mU0AAd3bi.jpg
892660201429508097,2017-08-02 08:15:51,"b'#EXCLUSIVE -- CNN-News18 unmasks the horror of app based cabs, at 6 PM with @saahilmenghani https://t.co/TSjBz0b6Bm'",http://pbs.twimg.com/media/DGNdt3-U0AAIOti.jpg
892653781132783618,2017-08-02 07:50:20,"b""#OperationTaxi Unmasking new India's latest urban menace, Watch a special investigation report at 6 pm. https://t.co/lSMizmiDEy""",http://pbs.twimg.com/amplify_video_thumb/892652613736386560/img/RjBZUb4BImwVHit5.jpg
892652201646014464,2017-08-02 07:44:04,"b""Britain's Prince Philip Set For Final Solo Appearance Before Retirement https://t.co/ByK0RCocOy https://t.co/QBwR467WR6""",http://pbs.twimg.com/media/DGNWbPfUwAAEnCI.jpg
892645348010672128,2017-08-02 07:16:50,"b'Karnataka CM Siddaramaiah attacks after #ITRaidsShivakumar, says ""Raids are politically motivated"" https://t.co/oBX0c6JI61'",http://pbs.twimg.com/media/DGNQNVTUAAAm_Wk.jpg
892642086532464640,2017-08-02 07:03:52,"b""Congress' student wing NSUI protests in favour of DK Shivkumar outside his Bengaluru residence https://t.co/EIzzLrL0bR""",http://pbs.twimg.com/media/DGNNPb4V0AApiQm.jpg
892612166972448768,2017-08-02 05:04:59,"b""#BREAKING -- \xe2\x82\xb95 crore cash seized from Shivakumar's house in Delhi: Sources https://t.co/wuReUW0cer""",http://pbs.twimg.com/media/DGMx-CQUIAA6_Sw.jpg
892611185849192449,2017-08-02 05:01:05,b'#BREAKING -- I-T sleuths take minister Shivakumar for questioning https://t.co/ZKxD18tSsu',http://pbs.twimg.com/media/DGMxCbzUIAEa197.jpg
892609784830017536,2017-08-02 04:55:31,"b""IT raids show BJP's frustration, the effort will fail and Ahmed Patel will win: Randeep Surjewala https://t.co/Kx0nWlT2lZ""",http://pbs.twimg.com/media/DGMv3K7VwAEnwoZ.jpg
892600945942581248,2017-08-02 04:20:23,"b'BJP is on an unprecedented witch-hunt just to win one Rajya Sabha seat, tweets Ahmed Patel https://t.co/KgcJgSmlDh'",http://pbs.twimg.com/media/DGMnsxyVoAArzeg.jpg
892598613066498048,2017-08-02 04:11:07,b'All cash handlers of Congress being interrogated: Top it sources to CNN-News18 https://t.co/miR8fpxFTX',http://pbs.twimg.com/media/DGMlr-9VoAA_VUV.jpg
892592550388748288,2017-08-02 03:47:02,b'#UPDATE -- Total 39 locations raided by I-T dept across Karnataka https://t.co/4vzdzppgWu',http://pbs.twimg.com/media/DGMgIAEVYAAc0cF.jpg
892592270339219456,2017-08-02 03:45:55,"b'Shivakumar, relatives were under I-T surveillance: Sources on I-T raids Karnataka minister https://t.co/TPXI6OORYM'",http://pbs.twimg.com/media/DGMf3ClUIAAM23V.jpg
892572832026185728,2017-08-02 02:28:41,b'Bihar: 14 wagons of a goods train derailed on Kaimur-Gaya Mughalsarai railway line; train movement affected (ANI) https://t.co/ALfGhNtyk5',http://pbs.twimg.com/media/DGMOKTDU0AAGOf3.jpg
892572377673998336,2017-08-02 02:26:52,"b'JUST IN -- 14 wagons of goods train derail in Bihar, rail route affected https://t.co/fPmmJ46Zid'",http://pbs.twimg.com/media/DGMN1I6UAAEwLGd.jpg
892435268862484480,2017-08-01 17:22:03,b'Watch #Hero #Villain #Ridiculous of the day on #Viewpoint with @bhupendrachaube https://t.co/FCS7YFzSKc',http://pbs.twimg.com/media/DGKRJFwV0AAeEPf.jpg
892432821532319744,2017-08-01 17:12:19,"b""'Controlling law &amp; order has become a big joke in U.P' @sharatpradhan21 to @bhupendrachaube on #Viewpoint https://t.co/pdpqOkuMyS""",http://pbs.twimg.com/media/DGKO6gKUAAAj-VO.jpg
892431426431311872,2017-08-01 17:06:47,"b""'Consistently BJP has demolished the morale of U.P Police' @GhanshyamTiwa to @bhupendrachaube on #Viewpoint https://t.co/YyCexxoEZr""",http://pbs.twimg.com/media/DGKNpecUwAAZ8a-.jpg
892430149416738821,2017-08-01 17:01:42,b'Aam Aadmi Party to support Opposition candidate Gopalkrishna Gandhi for Vice-Presidential election https://t.co/nY3gi5XTho',http://pbs.twimg.com/media/DGKMXmMUAAAa8kb.jpg
892428625890336768,2017-08-01 16:55:39,"b""#BREAKING -- Explosion at Shi'ite mosque in western Afghan city of Herat, at least 15 killed: Police | REUTERS https://t.co/3HVafRdEJD""",http://pbs.twimg.com/media/DGKLDWlVYAATwKw.jpg
892427898900041728,2017-08-01 16:52:46,"b""'I agree U.P is changing but its turning from bad to worst' @jarariya91 to @bhupendrachaube on #Viewpoint https://t.co/GzPJamsi4V""",http://pbs.twimg.com/media/DGKKcFdVoAA6D5C.jpg
892427073280548864,2017-08-01 16:49:29,"b""'BSP &amp; SP sheltered crime and criminals but BJP don't do that' @AnilaSingh2  to @bhupendrachaube on #Viewpoint https://t.co/UV9Uh4Sqoo""",http://pbs.twimg.com/media/DGKJsBNUQAAqGoF.jpg
892426164467138560,2017-08-01 16:45:52,"b""Watch @bhupendrachaube's #Viewpoint on the law &amp; order situation in U.P. https://t.co/CUVeTEHfjR""",http://pbs.twimg.com/media/DGKI3H9UIAAreKn.jpg
892417141017858050,2017-08-01 16:10:01,b'COMING UP on #Viewpoint with @bhupendrachaube https://t.co/x19OBuVUeC',http://pbs.twimg.com/media/DGJZcBiVYAAQMfv.jpg
892416632500264960,2017-08-01 16:08:00,"b""'We should address the issue where the money is coming from' Lt Gen BS Jaswal to @Zakka_Jacob on #FaceoffAt9 https://t.co/bLnyVvF9hW""",http://pbs.twimg.com/media/DGKAMThVYAALs_M.jpg
892412605540712449,2017-08-01 15:52:00,"b""'Goon is mild word for them they are traitors' @gauravbh to @Zakka_Jacob on #FaceoffAt9 https://t.co/VALSNjYo9d""",http://pbs.twimg.com/media/DGJ8h1BUwAQtvnw.jpg
892397771419811840,2017-08-01 14:53:03,"b'Beacons out but not the arrogance for these people, not willing to pay Rs 30 toll tax. #India360 with @ArunodayM https://t.co/x3r6KiGwMr'",http://pbs.twimg.com/media/DGJvCRbVoAUhNL3.jpg
892397145763880960,2017-08-01 14:50:34,b'Not a usual thing to see in an office on a daily basis.\n#India360 with @ArunodayM https://t.co/J6A6UhMhXP',http://pbs.twimg.com/media/DGJueFWV0AEJGqn.jpg
892395935602552833,2017-08-01 14:45:45,b'News from India you might have missed.\n#India360 with @ArunodayM https://t.co/J735D54UUk',http://pbs.twimg.com/media/DGJtXltVYAA06LR.jpg
892395003007221761,2017-08-01 14:42:03,b'Sunanda Case: Confusion Continues.\n#India360 with @ArunodayM https://t.co/86T4uwMpBH',http://pbs.twimg.com/media/DGJshEPVYAE8fBB.jpg
892394603801755650,2017-08-01 14:40:28,"b""7 major exits from Trump's administration till now, here is the list.\n#India360 with @ArunodayM https://t.co/Cca0P7FGua""",http://pbs.twimg.com/media/DGJsKEjVYAAiNZB.jpg
892386939101425664,2017-08-01 14:10:00,b'Tonight on #FaceoffAt9 with @Zakka_Jacob https://t.co/gWZpNWGLUg',http://pbs.twimg.com/media/DGJZ7WPVwAEr2CD.jpg
892379038664110081,2017-08-01 13:38:37,b'Terror funding squeezed after demonetisation: Finance Minister Arun Jaitley in Lok Sabha \n(File Image) https://t.co/crsk0aKs9h',http://pbs.twimg.com/media/DGJd6iYUwAAwGmW.jpg
892374172336259072,2017-08-01 13:19:16,b'Tonight on #Viewpoint with @bhupendrachaube https://t.co/sgX6SmxMR4',http://pbs.twimg.com/media/DGJZfyiU0AE0N0V.jpg
892364413075824640,2017-08-01 12:40:30,"b'#BREAKING -- Shahid Abbasi, new Pak PM, has got 221 votes in the National Assembly https://t.co/m9YzXDXATL'",http://pbs.twimg.com/media/DGJQrK3UIAI5t2O.jpg
892361362193522688,2017-08-01 12:28:22,"b""There are as many as 149 active terror outfits in Kashmir. Here's a look at their various strongholds in the valley. https://t.co/uApiRf185s""",http://pbs.twimg.com/media/DGJN50WUwAA6pM1.jpg
892324779411230720,2017-08-01 10:03:00,"b""#BREAKING -- Arvind Panagariya quits as the Vice Chairman of Niti Aayog; Network18's Lakshman Roy with more details https://t.co/6Fpn5ue1lX""",http://pbs.twimg.com/media/DGIspqUVoAAQVXc.jpg
892321204333191168,2017-08-01 09:48:48,b'#BREAKING -- Arvind Panagariya quits as the Vice Chairman of Niti Aayog https://t.co/Yw3QdKelTW',http://pbs.twimg.com/media/DGIpZD7U0AA-hPL.jpg
892317020296945665,2017-08-01 09:32:10,b'#EXCLUSIVE #HydHarassment victims speak out on CNN-News18. @tweetsakshi https://t.co/hrq1Rc51fe',http://pbs.twimg.com/media/DGIlmEyU0AAlDEV.jpg
892309793553104896,2017-08-01 09:03:27,b'JUST IN -- Hyderabad police detains 3 accused in auto rickshaw harassment case https://t.co/OgBYtg03F8',http://pbs.twimg.com/media/DGIe_ggUAAEc10u.jpg
892296144448929792,2017-08-01 08:09:13,b'#BREAKING -- Allahabad High Court pulls up CM Adityanath over law and order issue in Uttar Pradesh https://t.co/wnw1Vx47sG',http://pbs.twimg.com/media/DGISm_oUAAArmwU.jpg
892279382265315329,2017-08-01 07:02:37,b'One civilian killed in clashes between locals and forces near encounter site in Pulwama https://t.co/FGmjc6HrTS',http://pbs.twimg.com/media/DGIDRFMUQAAlmwx.jpg
892278918861824000,2017-08-01 07:00:46,"b'Abu Dujauna was an A++ category terrorist: Gen JS Sandhu, GOC 15 core https://t.co/2PdUZFysgd'",http://pbs.twimg.com/media/DGIC8P3UIAEPh1z.jpg
892277889718132736,2017-08-01 06:56:41,b'All the telecom companies have been directed to block the internet services till further orders in Kashmir: Sources https://t.co/sVA4RQrqdF',http://pbs.twimg.com/media/DGIB-WuUQAQzkQf.jpg
892270651133763584,2017-08-01 06:27:55,b'Latest visuals from #PulwamaEncounter site https://t.co/SvTbNVM7pU',http://pbs.twimg.com/media/DGH7bIYU0AADg3V.jpg
892268930860961792,2017-08-01 06:21:05,b'#BREAKING -- Inside details of Court proceedings in Sunanda Pushkar murder case | @SubhajitSG with the details https://t.co/xD3L3U8kBo',http://pbs.twimg.com/media/DGH525oUIAEoDCH.jpg
892265099213193216,2017-08-01 06:05:51,"b'LeT Chief Abu Dujana killed in #PulwamaEncounter, confirms @NorthernComd_IA https://t.co/TMp8CHG4bY'",http://pbs.twimg.com/media/DGH2VDZUIAE4052.jpg
892256011871862784,2017-08-01 05:29:45,b'BJP will do a Sankalp Yatra from August 15 - 30: Ananth Kumar (file image) https://t.co/PoM5jD7pna',http://pbs.twimg.com/media/DGHuEjnUwAE8oEf.jpg
892253903995129856,2017-08-01 05:21:22,b'LeT Chief Abu Dujana reportedly killed -- How it happened https://t.co/fcadNAg7iN',http://pbs.twimg.com/media/DGHr6YDUIAEwq0P.png
892247141485223938,2017-08-01 04:54:30,"b""Abu Dujana had joined hands with Musa's Al Qaeda outfit: Intelligence Sources | Reports @Arunima24 @islahmufti https://t.co/wUJGqdzzBH""",http://pbs.twimg.com/media/DGHmB6AUAAEPkFd.jpg
892242542686740480,2017-08-01 04:36:13,b'Prime Minister Narendra Modi arrives in Guwahati; will take stock of flood affected areas in Assam (Images: ANI) https://t.co/PY6okrluJj',http://pbs.twimg.com/media/DGHh1XpVYAAS-Ml.jpg
892232493708984320,2017-08-01 03:56:18,"b'#BREAKING -- Top LeT commander Abu Dujana reportedly gunned down in Pulwama, J&amp;K | @islahmufti with the details https://t.co/0NjkoLV9ez'",http://pbs.twimg.com/media/DGHYuAQUAAEE6zM.jpg
892227498674601984,2017-08-01 03:36:27,"b""#BREAKIING: LeT terrorist, Abu Dujana, killed in an encounter with security forces in South Kashmir's Pulwama https://t.co/AvM59iWQWf""",http://pbs.twimg.com/media/DGHUK_MUAAAsUGA.jpg
892223956605743105,2017-08-01 03:22:22,"b""Pakistan has reportedly extended UN-designated terrorist Hafiz Saeed's house arrest by two more months https://t.co/ZXieO5u9HD""",http://pbs.twimg.com/media/DGHQ8qdVoAAC3zS.jpg
892206373437452288,2017-08-01 02:12:30,"b'PM Modi leaves for Assam, will take stock of flood affected areas in the state (Images: ANI) https://t.co/lWGLpOKHJ5'",http://pbs.twimg.com/media/DGHA7ZxUAAAjDXl.jpg
892079593653387266,2017-07-31 17:48:43,"b'#NewsAlert -- A 40-year old woman was stabbed to death near Gate No. 1 of Thyagaraj Stadium, New Delhi. https://t.co/q0HX0LvufB'",http://pbs.twimg.com/media/DGFNmQpUMAA1Hm2.jpg
892074199950295040,2017-07-31 17:27:17,b'.@adgpi is our #Hero of the day on #Viewpoint with @bhupendrachaube https://t.co/5PV6xlfmnf',http://pbs.twimg.com/media/DGFIwJnVwAAxPF0.jpg
892066455130210304,2017-07-31 16:56:31,"b""'We are not with the Congress we are with the ideology' @Awhadspeaks to @bhupendrachaube on #Viewpoint https://t.co/NBEKQV84yW""",http://pbs.twimg.com/media/DGFBtRgVYAA1Sz3.jpg
892065085140619266,2017-07-31 16:51:04,"b""'Congress is very unclear on how to handle the current situation' @neerjachowdhury to @bhupendrachaube on #Viewpoint https://t.co/YdyEWLNp3n""",http://pbs.twimg.com/media/DGFAdh1UMAAuEWJ.jpg
892064185562972160,2017-07-31 16:47:30,"b""'With NDA in Centre &amp; Bihar, Bihar will develop very well' @DrSunilSingheye to @bhupendrachaube on #Viewpoint https://t.co/RML29w8tPu""",http://pbs.twimg.com/media/DGE_pObUwAA3lVc.jpg
892062831322869761,2017-07-31 16:42:07,"b""'Nitish Kumar was convinced that with Gandhis at helm, Congress is no force' @bhupendrachaube's #Viewpoint https://t.co/eKpd2C9HvB""",http://pbs.twimg.com/media/DGE-aZYVYAAOSCW.jpg
892055444293730304,2017-07-31 16:12:46,b'Watch @neelakantha VS @shabnamlone on #FaceoffAt9 with @Zakka_Jacob https://t.co/2U5gepWZVF',http://pbs.twimg.com/media/DGE3sbGV0AAzwOG.jpg
892053563504959488,2017-07-31 16:05:17,"b""'BJP has lost their mind by having alliance with PDP in J&amp;K' @shabnamlone to@Zakka_Jacob on #FaceoffAt9 https://t.co/rLd0Z52gpW""",http://pbs.twimg.com/media/DGE1-55VYAAfChQ.jpg
892035635149545472,2017-07-31 14:54:03,b'This baby doing burpees is the cutest thing you will see today.\n#India360 with @ArunodayM https://t.co/hwVfKMcwLA',http://pbs.twimg.com/media/DGElrWHVoAAy1tj.jpg
892035375207563264,2017-07-31 14:53:01,b'COMING UP on #TheCrux https://t.co/G8RogjBDNs',http://pbs.twimg.com/media/DGEbhFiUAAACEVk.png
892033806206615553,2017-07-31 14:46:47,"b""You are not the only one who loves 'Aloo'.\n#India360 with @ArunodayM https://t.co/pk5TENDbpc""",http://pbs.twimg.com/media/DGEkA6bU0AAsCi8.jpg
892031966354092032,2017-07-31 14:39:28,b'News from India you might have missed during the day.\n#India360 with @ArunodayM https://t.co/kETxpqfJFD',http://pbs.twimg.com/media/DGEiVuRUMAArW84.jpg
892031084019326976,2017-07-31 14:35:58,b'Dragon and Spider battle it out on the streets of Ottawa.\n#India360 with @ArunodayM https://t.co/0L5fmctHCE',http://pbs.twimg.com/media/DGEhiVyUQAAZeg5.jpg
892026393294290944,2017-07-31 14:17:19,b'Tonight at 10 pm on #Viewpoint with @bhupendrachaube https://t.co/FUhNYxRY8t',http://pbs.twimg.com/media/DGEdMUrUQAEU7JP.png
892016825990430723,2017-07-31 13:39:18,b'#EpicentreAt7 -- Banning Hurriyat won\xe2\x80\x99t work: Farooq Abdullah to @maryashakil https://t.co/GpAZirzv22',http://pbs.twimg.com/media/DGEUkfFVYAE5Kcw.jpg
892009100342460416,2017-07-31 13:08:36,"b""#NewsAlert -- T Suneel Kumar named as Bengaluru's new Commissioner of Police https://t.co/eq0SsXyJYC""",http://pbs.twimg.com/media/DGENXm8UwAA9ziW.jpg
891995674056589312,2017-07-31 12:15:15,b'Tonight on #FaceoffAt9 with @Zakka_Jacob https://t.co/RKGfBGWdkV',http://pbs.twimg.com/media/DGEBR6uU0AAeIzM.jpg
891994879810600964,2017-07-31 12:12:06,"b""It's 005 for Daniel Craig: Here's a look at all the former Bonds and the number of 007 movies they have acted in. https://t.co/rdtteImlXp""",http://pbs.twimg.com/media/DGD_3dBVoAA7Wr0.jpg
891992207149772800,2017-07-31 12:01:29,"b'There is no competition for PM Narendra Modi today, and in 2019: Janata Dal United (JDU) https://t.co/WqbIwxvHmw'",http://pbs.twimg.com/media/DGD-LGcU0AAJ8kN.jpg
891985221016469504,2017-07-31 11:33:43,b'#BREAKING -- Attack on Iraqi Embassy in Kabul ISIS claims responsibility; Fighting still on https://t.co/JBWfUgcmF1',http://pbs.twimg.com/media/DGD30OlV0AEn0h3.jpg
891981808723648512,2017-07-31 11:20:10,b'#NewsAlert -- Snapdeal - Flipkart deal has been called off after 6 months of negotiation. https://t.co/lmB1nvzMOY',http://pbs.twimg.com/media/DGD0lM1UMAAbMn7.jpg
891981317851668481,2017-07-31 11:18:13,"b""I don't need any certificate from anybody on secularism: Bihar CM Nitish Kumar https://t.co/mawbD3vLRc""",http://pbs.twimg.com/media/DGD0RLOVYAAeTyK.jpg
891978295457103872,2017-07-31 11:06:12,b'#NewsAlert --  Prime Minister Narendra Modi invites ideas for his speech on #IndependenceDay https://t.co/K4zfBZP8i7',http://pbs.twimg.com/media/DGDxgwaUQAAlaf6.jpg
891975192016150528,2017-07-31 10:53:52,b'Sign the petition to make gender sensitisation compulsory in school curriculum.\n#JaagoRe https://t.co/pILL1ovHQu',http://pbs.twimg.com/media/DGDuF72UMAA5TIb.jpg
891973427522707456,2017-07-31 10:46:51,"b'When issue of corruption came up, it made me realise how can I compromise on corruption: Bihar CM Nitish Kumar https://t.co/VfIAxII9ff'",http://pbs.twimg.com/media/DGDtGV-UAAAJ1S5.jpg
891972136520175617,2017-07-31 10:41:44,"b""We didn't have any other options left: Nitish Kumar on his resignation. https://t.co/ukxqSzqYYw""",http://pbs.twimg.com/media/DGDr7RPUMAAOeUs.jpg
891960618466516992,2017-07-31 09:55:57,b'#BREAKING -- Chinese troops retreated 2 hours after entering Indian territory https://t.co/10IMWGQO7l',http://pbs.twimg.com/media/DGDhbY7VwAAvhnz.jpg
891960161278976001,2017-07-31 09:54:08,b'#BREAKING -- Chinese troops enter nearly 800 metres inside Indian territory https://t.co/dMBAOvtUM6',http://pbs.twimg.com/media/DGDg_x7VoAEqKMh.jpg
891959717307621376,2017-07-31 09:52:23,"b'#BREAKING -- Intrusion by Chinese troops in Barahoti, Uttarakhand https://t.co/ewmN1KQrkc'",http://pbs.twimg.com/media/DGDgmnNU0AAdXjw.jpg
891958347129212928,2017-07-31 09:46:56,"b""Government may announce 'Substantial' extension of Income Tax Return deadline: sources https://t.co/rCn5Grr3Io""",http://pbs.twimg.com/media/DGDfQceUwAEqi6Z.jpg
891957385215881216,2017-07-31 09:43:07,b'RBI imposes Rs 1 crore penalty on Union Bank of India for non-compliance of KYC norms | PTI https://t.co/TyCgU3fEn7',http://pbs.twimg.com/media/DGDefRIUMAAyxYk.jpg
891955653522071556,2017-07-31 09:36:14,b'#NewsAlert -- PM Modi to visit flood affected areas in Assam tomorrow https://t.co/gR5zUyQO5J',http://pbs.twimg.com/media/DGDc3spUQAAASw3.jpg
891953737882783745,2017-07-31 09:28:37,"b'Yashwnat singh, Bukkal Nawab and Thakur Jaiveer Singh join BJP https://t.co/jKCYGXmIHF'",http://pbs.twimg.com/media/DGDbLdBVoAACbJs.jpg
891953578847240193,2017-07-31 09:27:59,b'Kerala: Stones pelted at the CITU and DYFI office. Petrol bombs thrown at the RSS district office https://t.co/Twtc1HyF8i',http://pbs.twimg.com/media/DGDa8eEV0AAjxOP.jpg
891947544166649856,2017-07-31 09:04:00,b'Sources: BJP making efforts to bring two AIADMK factions EPS and OPS together. https://t.co/wrIAB98L2Y',http://pbs.twimg.com/media/DGDVVaOUAAA1uOE.jpg
891941368766976000,2017-07-31 08:39:28,b'#NewsAlert -- Rajnikanth will participate in DMK Diamond jubilee celebration https://t.co/jwLRkiCZYS',http://pbs.twimg.com/media/DGDP440UAAAU763.jpg
891936193214009344,2017-07-31 08:18:54,"b""RT @News_Cars18: Here's the complete variant wise price list of the .@JeepIndia #Compass SUV. \n#LeadTheWay https://t.co/ra9RKBZf0j""",http://pbs.twimg.com/media/DGDFtVPXkAAkWSw.jpg
891934267298635776,2017-07-31 08:11:15,"b""NIA raids Syed Geelani aide's house in Nowshera https://t.co/O6H9TWKO4T""",http://pbs.twimg.com/media/DGDJdZ0VwAAqtus.jpg
891931225048350721,2017-07-31 07:59:09,"b'Election Commission rejects nomination of CPI-M candidate Bikash Bhattacharya for Rajya Sabha, on technical grounds https://t.co/qgwz0ZpmEb'",http://pbs.twimg.com/media/DGDGsKaVwAAQBSS.jpg
891929324609167360,2017-07-31 07:51:36,b'Dr Charu Wali Khanna has filled petition in SC challenging Article 35 A of the Constitution https://t.co/DyGW6IEl6L',http://pbs.twimg.com/media/DGDE-zbUMAEliEt.jpg
891929186704568320,2017-07-31 07:51:04,b'#BREAKING -- RJD tweets about major expose at RJD press conference today at 3 https://t.co/VQmXkV4p4X',http://pbs.twimg.com/media/DGDErnaV0AEN1rp.jpg
891923203542573057,2017-07-31 07:27:17,b'AFP: Suicide blast in front of Iraq embassy in Kabul: security sources https://t.co/R8P7RrpZmF',http://pbs.twimg.com/media/DGC_aMcUAAQKvf9.jpg
891921619769098240,2017-07-31 07:20:59,"b'Gunmen loot bank in Anantnag, J&amp;K. https://t.co/akLKj1idNa'",http://pbs.twimg.com/media/DGC99EaU0AAFl8U.jpg
891920333912932353,2017-07-31 07:15:53,b'RT @News_Cars18: 50 dealerships for .@JeepIndia for now. Will reach 60+ by 2017 end. #Compass #LeadTheWay https://t.co/UqI95Cdv7L',http://pbs.twimg.com/media/DGC8jl-XcAAdJgi.jpg
891919696743641088,2017-07-31 07:13:21,"b""Gunfire heard after several explosions hit Afghanistan's Kabul, reportedly near the Iraqi embassy https://t.co/rUUGrIu6h1""",http://pbs.twimg.com/media/DGC8M1jU0AA0lBW.jpg
891917538942005249,2017-07-31 07:04:46,"b'Gujarat flood: Death toll - 219. Total rescued and shifted - 18,688 https://t.co/3JMpF27dnQ'",http://pbs.twimg.com/media/DGC6LoSUwAAe3Jf.jpg
891916170776813568,2017-07-31 06:59:20,b'What will PM do on incident of lynching?: Mallikarjun Kharge. Oppn corners govt in Lok Sabha https://t.co/WXjbRYkYqc',http://pbs.twimg.com/media/DGC5BnTUQAA8Kgj.jpg
891912835042693120,2017-07-31 06:46:05,b'All institutions involved in mob lynching are indirectly involved with BJP: Mallikarjun Kharge in Lok Sabha https://t.co/v0zg8zv5Nb',http://pbs.twimg.com/media/DGC19X9UMAANr26.jpg
891909827902951428,2017-07-31 06:34:08,b'#BREAKING -- Birthday bash in Bengaluru resort by Congress MLAs. https://t.co/ECPQukPTJc',http://pbs.twimg.com/media/DGCzPkzVoAQq8BE.jpg
891908756451115008,2017-07-31 06:29:53,"b'BREAKING -- PM Modi has approved Rs. 50,000 each for those injured due to a building collapse in Ghatkopar, Mumbai https://t.co/dUEhK3dbZ6'",http://pbs.twimg.com/media/DGCyPSJU0AAkVba.jpg
891908175338676228,2017-07-31 06:27:34,"b'#BREAKING -- PM Modi has announced Rs. 50,000 each for those seriously injured in the floods in Assam and Rajasthan. https://t.co/O2TAnMJvCB'",http://pbs.twimg.com/media/DGCxodRUwAE6flZ.jpg
891904723040714752,2017-07-31 06:13:51,b'No one named in Panama list belongs to BJP. SIT is already working on it case by case | Image via ANI https://t.co/xtOvAXhSd5',http://pbs.twimg.com/media/DGCujH2UwAAf7WL.jpg
891902212028243969,2017-07-31 06:03:52,b'Rajya Sabha has been adjourned till 11:40 am https://t.co/OEMYlhtXD2',http://pbs.twimg.com/media/DGCsQ1RUwAAWXRg.jpg
891901336651878401,2017-07-31 06:00:24,b'Uproar in Rajya Sabha by Congress over Gujarat MLAs issue | ANI https://t.co/C1M7lbL3y7',http://pbs.twimg.com/media/DGCrhesVoAAE4ZR.jpg
891900823000694785,2017-07-31 05:58:21,"b'#BREAKING -- Row over Gujarat Congress MLAs in Rajya Sabha. Cong cries foul, storms well of House https://t.co/eFyOfqugJY'",http://pbs.twimg.com/media/DGCrESTVwAAcWTh.jpg
891900192785485824,2017-07-31 05:55:51,b'Sushil Kumar Modii takes charge as the Deputy CM of BIhar | ANI https://t.co/uybgXApuFO',http://pbs.twimg.com/media/DGCqeuFUMAEEHgR.jpg
891899770423214080,2017-07-31 05:54:10,b'#BREAKING -- Ruckus in Rajya Sabha over Gujarat MLAs defection. Oppn targets govt. over Gujarat Rajya Sabha polls https://t.co/3kVywsqooX',http://pbs.twimg.com/media/DGCqG3VU0AE-kFW.jpg
891898799559393281,2017-07-31 05:50:19,b'#BREAKING -- Two PILs against Nitish Kumar govt. dismissed by Patna High Court https://t.co/vPpAm7uaIU',http://pbs.twimg.com/media/DGCpJfFVwAARZkr.jpg
891897609400365056,2017-07-31 05:45:35,"b'.@Radha_Network18, Managing Editor, Network 18 puts the incidents of violence in Kerala into perspective https://t.co/D8dJI8HXJd'",http://pbs.twimg.com/media/DGCoJOBUIAAdsGI.jpg
891895689894010881,2017-07-31 05:37:57,b'Gujarat: Anti-Terrorism Squad takes over investigation in Rs 3500 cr drug haul case https://t.co/oDrmh5h9rZ',http://pbs.twimg.com/media/DGCmXFwVwAAn5f9.jpg
891886441835372545,2017-07-31 05:01:12,"b'#NewsAlert -- Kerala CM misbehaves with Media. Asks media to ""get out"" https://t.co/qJhsFIEIlO'",http://pbs.twimg.com/media/DGCdS7qV0AETeHg.jpg
891885492207140864,2017-07-31 04:57:26,"b""#UPDATE -- Fire which broke out in Delhi's Shastri Bhawan now under control https://t.co/mt49qJp2vl""",http://pbs.twimg.com/media/DGCdGYtUAAA089a.jpg
891876711796686849,2017-07-31 04:22:33,b'Fire at Shastri Bhawan. Two fire tenders rushed https://t.co/DE5G98FEHN',http://pbs.twimg.com/media/DGCVC_VUwAAzFM9.jpg
891870475277615104,2017-07-31 03:57:46,b'#NewsAlert -- Legal defamation notice against Kamal Haasan and other 4 people on Bigg Boss show Tamil https://t.co/tvYeamvbSH',http://pbs.twimg.com/media/DGCPasSV0AAGVqd.jpg
891867311056879616,2017-07-31 03:45:11,"b'Ahead of NIA appearance, Naeem Geelani admitted in SKIMS; complains of chest pain https://t.co/j9BNzFhnUR'",http://pbs.twimg.com/media/DGCMiw-VoAA5Djn.jpg
891863934382227456,2017-07-31 03:31:46,b'Kerala CM P Vijayan to meet BJP state president Kummanam Rajasekharan over violence in the state https://t.co/8NjmIA1RCB',http://pbs.twimg.com/media/DGCJgd2VYAEO_GF.jpg
891854769618173952,2017-07-31 02:55:21,b'#BREAKING -- Ten killed in Venezuela vote unrest: prosecutors (AFP) https://t.co/0Bhaj5xG1v',http://pbs.twimg.com/media/DGCBK9YUIAQXLdd.jpg
891721508665544704,2017-07-30 18:05:49,"b'#NewsAlert -- Ceasefire violation by Pakistan in Baba Khori, Nowshera sector of Rajouri district, J&amp;K at 10:30 PM https://t.co/y9Z3YxyTJI'",http://pbs.twimg.com/media/DGAHdDpUIAAxG_o.jpg
891654592756305921,2017-07-30 13:39:55,b'Lalu Prasad Yadav tweets about Bihar CM @NitishKumar https://t.co/ZK7J9RYwqd',http://pbs.twimg.com/media/DF_KvVeVwAEpQ1E.jpg
891613514514563072,2017-07-30 10:56:41,b'#BREAKING -- Congress MLAs to address media shortly. #CongImplodes https://t.co/qdAsCEuXy8',http://pbs.twimg.com/media/DF-lwvJUwAAjLYK.jpg
891594973862256640,2017-07-30 09:43:01,b'Gujarat Cong MLAs have communicated that they want to go back to their constituencies which are flood hit https://t.co/kQ6kDxsEuy',http://pbs.twimg.com/media/DF-U4kZUIAAJ4_9.jpg
891588992969326592,2017-07-30 09:19:15,"b'3 youths injured in clash with forces in Pulwama, J&amp;K. All referred to SMHS Hopsital https://t.co/wz6u77dtOs'",http://pbs.twimg.com/media/DF-PbJPVYAAZf3N.jpg
891571405396951041,2017-07-30 08:09:22,b'NIA conducts raid in Jammu in connection with funding to terror groups: Officials (PTI) https://t.co/psCfOjgxeG',http://pbs.twimg.com/media/DF9_bhzUMAAkc1j.jpg
891568518474235904,2017-07-30 07:57:54,"b""#NewsAlert -- MDMK general secretary Vaiko questions Bhagawat Gita's presence in Kalam's Memorial https://t.co/mZB2Rqhilz""",http://pbs.twimg.com/media/DF98yC6UAAA7Eo8.jpg
891563084908707840,2017-07-30 07:36:18,b'Indian Coast Guard apprehends a Panama registered ship MV Hennery in a well coordinated 3 day operation at sea https://t.co/iunb4omSmK',http://pbs.twimg.com/media/DF93vd1U0AAOBIk.jpg
891550228653809664,2017-07-30 06:45:13,b'Watch now and find out if the students really want a tank in JNU? https://t.co/oHJjySr65a',http://pbs.twimg.com/amplify_video_thumb/891547368662761476/img/e9BfXuVvwF5wh_Zi.jpg
891548376352702465,2017-07-30 06:37:51,"b""National president Nitish Kumar has called party's national executive meet on August 19th in Patna: KC Tyagi, JD (U) https://t.co/dETCIIDdJZ""",http://pbs.twimg.com/media/DF9qgXWUQAETaFl.jpg
891543578152849408,2017-07-30 06:18:47,b'Home Minister Rajnath Singh tweets on incidents of political violence in Kerala https://t.co/9azxCELmvg',http://pbs.twimg.com/media/DF9mA6RUMAAcMln.jpg
891538958227656705,2017-07-30 06:00:26,b'RSS worker murder in Kerala: 5 more people taken into custody taking the total number of accused in custody to 8 https://t.co/QEc0FsBjcF',http://pbs.twimg.com/media/DF9h5nEVwAEJOGm.jpg
891537878848688129,2017-07-30 05:56:08,b'RSS worker murder in Kerala: 1 person taken into custody https://t.co/F2al1gU7WU',http://pbs.twimg.com/media/DF9g8i-VwAAUoUp.jpg
891537138319097856,2017-07-30 05:53:12,"b'#MannKiBaat -- Communalism, corruption, leave India should be pledged by every citizen from 2017 to 2022: PM Modi https://t.co/TzhmIoGjNm'",http://pbs.twimg.com/media/DF9gS-FU0AA7Pqn.jpg
891535288798855168,2017-07-30 05:45:51,b'#MannKiBaat -- August is revolutionary month. Non-cooperation and Quit India Movement came into existence: PM Modi https://t.co/McEbcMuY3X',http://pbs.twimg.com/media/DF9enPWVwAAPchY.jpg
891529173495275521,2017-07-30 05:21:33,"b'Fatwa against Bihar Minority Welfare Minister, for chanting jai shree ram slogans https://t.co/OMf8lHnAS5'",http://pbs.twimg.com/media/DF9ZCM4VoAAf_eO.jpg
891515587217641472,2017-07-30 04:27:34,"b'Rajasthan: Army rescued 87 people, attended three medical emergencies in flood hit villages of Jalore district | ANI https://t.co/qBDMPNDxXn'",http://pbs.twimg.com/media/DF9MqqzUIAAeF6P.jpg
891512067206782976,2017-07-30 04:13:34,b'Farmer suffers a gruesome death after his stuck tractor overturns https://t.co/YxPIdhLRji',http://pbs.twimg.com/amplify_video_thumb/891510950066405376/img/Yp_rWWZdWcO8cXHG.jpg
891509295040286720,2017-07-30 04:02:34,"b'Sharad Yadav, JD(U) tweets on #PanamaPapers https://t.co/uutV6HEiE1'",http://pbs.twimg.com/media/DF9GyniVoAAIVPE.jpg
891508587876438016,2017-07-30 03:59:45,"b'Encounter in Tahab Area of Pulwama, J&amp;K: Two militants killed https://t.co/olcRBFQEBL'",http://pbs.twimg.com/media/DF9GSsnV0AAUYO_.jpg
891506145789042689,2017-07-30 03:50:03,"b'Encounter in Tahab Area of Pulwama, J&amp;K; 2 terrorists trapped in the area https://t.co/P8xBWjQuvw'",http://pbs.twimg.com/media/DF9EBq4UwAETBo6.jpg
891485859152777216,2017-07-30 02:29:26,"b""Jammu and Kashmir Police organises 'Run for Peace' marathon in Srinagar (ANI) https://t.co/OFZ70FgLPn""",http://pbs.twimg.com/media/DF8xoKYUAAAXuPX.jpg
891336743433019392,2017-07-29 16:36:54,"b'Political strategist, Prashant Kishor, not to advise the newly formed Nitish Kumar government in Bihar https://t.co/byoSGBGWci'",http://pbs.twimg.com/media/DF6qAj-UQAAW_xL.jpg
891268714867208193,2017-07-29 12:06:35,"b'Bihar CM Nitish Kumar expands cabinet, 27 ministers from JD(U), BJP and LJP sworn-in (PTI) https://t.co/32V9K5X9yp'",http://pbs.twimg.com/media/DF5sKPcUwAADaks.jpg
891259290350010373,2017-07-29 11:29:08,b'Aam Aadmi Party (AAP) MLA from Punjab booked for allegedly assaulting a woman: police (PTI) https://t.co/2fe1aTwCCH',http://pbs.twimg.com/media/DF5jlOKVoAAXiZt.jpg
891251639801102336,2017-07-29 10:58:44,b'India wins first Test against Sri Lanka. https://t.co/o14UlPwdo1',http://pbs.twimg.com/media/DF5clZIVwAAvZ_-.jpg
891215575271088128,2017-07-29 08:35:25,b'#EXCLUSIVE \xe2\x80\x93 First pictures of Congress MLAs in Bengaluru resort. Keeping MLAs safe till Aug 8 Rajya Sabha polls https://t.co/B1PbqJzzmt',http://pbs.twimg.com/media/DF471ieVYAAnI8g.jpg
891212866467938304,2017-07-29 08:24:39,b'All cases against my sons have been created by Nitish Kumar: Lalu Prasad Yadav to CNN-News18 https://t.co/nnYXP7yhRd',http://pbs.twimg.com/media/DF45THkVoAAIwtp.jpg
891212563400110080,2017-07-29 08:23:27,b'Will expose Nitish Kumar in front of the people of Bihar: Lalu Prasad Yadav to CNN-News18 https://t.co/x47ASvjSTv',http://pbs.twimg.com/media/DF448AZV0AAzzx9.jpg
891207078026420224,2017-07-29 08:01:39,"b'It is time for SP and Congress, indulging in politics of appeasement to introspect: Gaurav Bhatia, BJP https://t.co/x2TMTWXKpH'",http://pbs.twimg.com/media/DF40HC5V0AEggot.jpg
891205471679299584,2017-07-29 07:55:16,b'#BREAKING -- BJP is behind SP MLCs resigning: Former UP CM Akhilesh Yadav https://t.co/0tRB5A6vOp',http://pbs.twimg.com/media/DF4ypc5VwAAdLRy.jpg
891204485737041920,2017-07-29 07:51:21,b'BJP is behind SP MLCs resigning: Former UP CM Akhilesh Yadav https://t.co/Shua77lOjj',http://pbs.twimg.com/media/DF4xvDMVoAAnw7m.jpg
891195856052920320,2017-07-29 07:17:04,b'NDA 16 ministers &amp; JDU 19 ministers to take oath at 5 PM today https://t.co/9yR97ap42l',http://pbs.twimg.com/media/DF4p5FMUwAAIedz.jpg
891189088115605504,2017-07-29 06:50:10,b'The Maharashtra Navnirman Sena is back with its campaign against shops displaying Gujarati signboards https://t.co/I0LyYBG6UZ',http://pbs.twimg.com/amplify_video_thumb/891188619402067968/img/bGo9IO7LidiZh13x.jpg
891188531049017344,2017-07-29 06:47:57,b'Terrorism has increased in the valley. Tourism has declined in NDA rule as compared to UPA rule https://t.co/A1QR2dgqsv',http://pbs.twimg.com/media/DF4jNouUAAAt3FL.jpg
891173896505802752,2017-07-29 05:49:48,b'Mumbai police registers case against MNS workers for illegally gathering at a place. Bombay Police Act imposed https://t.co/MY7yfOprNa',http://pbs.twimg.com/media/DF4V3XUUQAA5qWV.jpg
891172395632820224,2017-07-29 05:43:50,b'The Maharashtra Navnirman Sena is back with its campaign against shops displaying Gujarati signboards https://t.co/t7V0gm1CfO',http://pbs.twimg.com/media/DF4UfClV0AEkwqi.jpg
891167066522132485,2017-07-29 05:22:40,b'Samajwadi Party MLC Bukkal Nawab and Yashwant Singh quit https://t.co/KoflQJKbwN',http://pbs.twimg.com/media/DF4PtR4UMAEo6BK.jpg
891158346731995136,2017-07-29 04:48:01,b'Manjula Shetye prison death: JJ hospital doctor suspended https://t.co/H0CBoJc4IW',http://pbs.twimg.com/media/DF4HwmBUAAAgIvR.jpg
891154387749359616,2017-07-29 04:32:17,b'#NewsAlert -- Nitish Kumar cabinet expansion at 3 PM today https://t.co/a6LQ1Le9eI',http://pbs.twimg.com/media/DF4EEryVwAAUOvW.jpg
891138190177746944,2017-07-29 03:27:55,"b'""Aye Mamu ... jadoo ki jhappi de daal aur baat khatam"" Happy Birthday @duttsanjay https://t.co/A3ezZWk8HB'",http://pbs.twimg.com/media/DF31aeNVoAAuQa_.jpg
890977876136284160,2017-07-28 16:50:53,"b'#EXCLUSIVE -- ""If you have 4-5 series in a year you will grow as a player quickly"" says @M_Raj03 to @cricketwallah https://t.co/fD8pEGo2gy'",http://pbs.twimg.com/media/DF01z-bUwAAthQl.jpg
890976769502609409,2017-07-28 16:46:30,"b'#EXCLUSIVE -- ""Government should start supporting women\'s cricket"" @M_Raj03 to @cricketwallah https://t.co/Beaztb0YLr'",http://pbs.twimg.com/media/DF00epYV0AAOD3v.jpg
890973925684822016,2017-07-28 16:35:12,"b""#EXCLUSIVE -- @M_Raj03 in conversation with @cricketwallah on future of women's cricket in India https://t.co/3d5XvG7DOH""",http://pbs.twimg.com/media/DF0znKBUIAE-NS1.jpg
890972465903448064,2017-07-28 16:29:23,"b'#EXCLUSIVE | @M_Raj03 in conversation with @cricketwallah, on life post World Cup https://t.co/nMwkKvbSgW'",http://pbs.twimg.com/media/DF0xL76UMAAfcAO.jpg
890970364464873473,2017-07-28 16:21:02,b'JUST IN -- 44 Gujarat Cong MLAs likely to be moved to Bengaluru; 5-7 Cong MLAs decide against going to Bengaluru https://t.co/juuzWPvvqd',http://pbs.twimg.com/media/DF1czzMVoAA1T1g.jpg
890960578210021376,2017-07-28 15:42:09,"b""'I don't think the Pak army directly influence the court judgement' Vivek Katju to @Zakka_Jacob on #FaceoffAt9 https://t.co/xday8JZLjx""",http://pbs.twimg.com/media/DF1T6xXVoAAO-6I.jpg
890957210632699905,2017-07-28 15:28:46,"b'Can BMC wash its hands off issue? @anubhabhonsle in conversation with Sudhir Naik, BMC Dy Municipal Comm. #TheCrux https://t.co/LR6IL81jml'",http://pbs.twimg.com/media/DF1Q2xNUAAEAmoh.jpg
890947000098725888,2017-07-28 14:48:12,"b'This guy is clapping his way into the records, take a look.\n#India360 with @ArunodayM https://t.co/EvnFqfcfap'",http://pbs.twimg.com/media/DF1Hkd0VYAA0kjU.jpg
890946491283419137,2017-07-28 14:46:11,b'Is Russia arming the Taliban? \n#India360 with @ArunodayM https://t.co/veaWeuwE9J',http://pbs.twimg.com/media/DF1HGzZUQAEX-cO.jpg
890944908520902656,2017-07-28 14:39:53,"b""CNN-News18's @Karma_Paljor reporting from the conflict zone.\n#India360 with @ArunodayM https://t.co/QWLpG9bz37""",http://pbs.twimg.com/media/DF1FqvKVYAAupu6.jpg
890943881860100096,2017-07-28 14:35:49,b'Biker survives freak accident.\n#India360 with @ArunodayM https://t.co/iHpGweUowW',http://pbs.twimg.com/media/DF1Eu91UwAAuqk3.jpg
890933885923581952,2017-07-28 13:56:05,"b""'All that court now needs to do is connect the dots' Swapnil Kothari, Sr Lawyer. #Epicentre https://t.co/KruCTfG0pJ""",http://pbs.twimg.com/media/DF07pEdUwAAdnUC.jpg
890931812381282305,2017-07-28 13:47:51,"b""'There is nothing more evil than killing your own child' @shaziailmi to @shreyadhoundial on #Epicentre https://t.co/jjgFRp1KQX""",http://pbs.twimg.com/media/DF05wXXVoAAGNW8.jpg
890930770512035841,2017-07-28 13:43:43,"b""How Sheena's body was dumped, chilling confession by Indrani's driver.\n#Epicentre with @shreyadhoundial https://t.co/PMNmelip0x""",http://pbs.twimg.com/media/DF04zsOVwAAOuJq.jpg
890929838122389507,2017-07-28 13:40:00,"b""What Indrani's driver told court, chilling confession of Sheena's murder.\n#Epicentre with @shreyadhoundial https://t.co/j7bp7Levxo""",http://pbs.twimg.com/media/DF039cIUQAI3p5b.jpg
890927475756122113,2017-07-28 13:30:37,"b""#EXCLUSIVE 'If you have 4-5 series in a year you will grow as a player quickly' @M_Raj03 to @cricketwallah https://t.co/ge2kVJMif0""",http://pbs.twimg.com/media/DF01z-bUwAAthQl.jpg
890926009322622976,2017-07-28 13:24:47,"b""#EXCLUSIVE 'Govt should start supporting women's cricket' @M_Raj03 to @cricketwallah https://t.co/WIY9TkJafn""",http://pbs.twimg.com/media/DF00epYV0AAOD3v.jpg
890925056758390784,2017-07-28 13:21:00,"b""#EXCLUSIVE @M_Raj03 in conversation with @cricketwallah on future of women's cricket in India. https://t.co/baIdDuXYfz""",http://pbs.twimg.com/media/DF0znKBUIAE-NS1.jpg
890924000867631105,2017-07-28 13:16:49,"b""#EXCLUSIVE -- In conversation with @cricketnext, @M_Raj03 on making women's game popular https://t.co/pGQVoMOmwu""",http://pbs.twimg.com/media/DF0ypr1VwAAE-Ss.jpg
890922390909145088,2017-07-28 13:10:25,"b'#EXCLUSIVE -- @M_Raj03 in conversation with @cricketwallah, on life post World Cup https://t.co/skTpWlNtSY'",http://pbs.twimg.com/media/DF0xL76UMAAfcAO.jpg
890913644933820416,2017-07-28 12:35:39,"b""#EXCLUSIVE | Exposing the Hurriyat business plan - 'Azadi' leaders driven by monetary not national interest https://t.co/PHJjxd87r4""",http://pbs.twimg.com/media/DF0pO56VYAAwwPX.jpg
890907144031092736,2017-07-28 12:09:50,b'#NitishGharWapsi -- Chief Minister Nitish Kumar won the Bihar trust vote with 131 MLAs for &amp; 108 against the motion https://t.co/TIZHv0aWaD',http://pbs.twimg.com/media/DF0jPpHV0AAzkqs.jpg
890904446334402560,2017-07-28 11:59:06,b'JUST IN -- Haryana bans liquid nitrogen in food https://t.co/b5jG6LR5vu',http://pbs.twimg.com/media/DF0g2w_VYAEGXJs.jpg
890881436797911040,2017-07-28 10:27:40,b'No Pakistani PM has ever completed their full term of 5 years. Take a look https://t.co/Vc8AaBdWPr',http://pbs.twimg.com/media/DF0LhdbUMAAdduc.jpg
890879946096115712,2017-07-28 10:21:45,"b'SC rejects plea for abortion of 10-year-old rape survivor, says ""abortion not in interest of the girl or the baby"" https://t.co/FrmTAR1K2W'",http://pbs.twimg.com/media/DF0KkpVUAAE6TaW.jpg
890875422702936065,2017-07-28 10:03:47,b'#NitishGharWapsi -- Secularism is not to cover up corruption; the public is the biggest court: Nitish Kumar https://t.co/Wz88fVcpMH',http://pbs.twimg.com/media/DF0GeDHUAAEhFSP.jpg
890872746711801856,2017-07-28 09:53:09,b'You get the power to serve people not to serve yourself: Nitish Kumar in Bihar assembly #NitishGharWapsi https://t.co/lgkX1LY37A',http://pbs.twimg.com/media/DF0EBzKVoAAovGi.jpg
890859686706139137,2017-07-28 09:01:15,b'#BREAKING -- SC dismisses PIL to bar Sasikala from acting as AIADMK General Secretary after her conviction https://t.co/OIWHUMX93m',http://pbs.twimg.com/media/DFz4JnsVwAEsfTI.jpg
890857032755986432,2017-07-28 08:50:42,"b'NSA Ajit Doval meets President Xi Jinping in Beijing, along with other BRICS High Representatives. | ANI https://t.co/O794jzqzUj'",http://pbs.twimg.com/media/DFz1tueUwAAIPHc.jpg
890849593394552832,2017-07-28 08:21:08,b'Bihar Chief Minister Nitish Kumar leaves from Bihar Assembly after winning the floor test | ANI https://t.co/242N5NgU3R',http://pbs.twimg.com/media/DFzu88RUwAEk3YV.jpg
890848223719444482,2017-07-28 08:15:42,b'#SharifSacked -- Nawaz not so \xe2\x80\x98Sharif\xe2\x80\x99. What is the road ahead for Nawaz now? #PanamaVerdict https://t.co/LBN6RgfQ52',http://pbs.twimg.com/media/DFztu5FUIAEHe9E.jpg
890841522173755392,2017-07-28 07:49:04,"b""#SharifSacked -- Nawaz not so 'Sharif'. Nawaz may file review plea. #PanamaVerdict https://t.co/kdj1ZnWUim""",http://pbs.twimg.com/media/DFzno0qVYAA6Jx4.jpg
890839842778632193,2017-07-28 07:42:24,"b'@NitishKumar Nitish Kumar received 131 votes in favour, 108 against. https://t.co/TmDvd0TcLm'",http://pbs.twimg.com/media/DFzmF8gVoAE3B25.jpg
890838325514219520,2017-07-28 07:36:22,"b'#BREAKING -- Essentially what army wants will happen: \nLeela Ponappa, Sr. Diplomat on #SharifSacked #PanamaVerdict https://t.co/bwZVz9Sx6W'",http://pbs.twimg.com/media/DFzkuymVYAA0tG7.jpg
890838073310715904,2017-07-28 07:35:22,b'#BREAKING | @NitishKumar wins Bihar floor test. https://t.co/4tlb1048NY',http://pbs.twimg.com/media/DFzkd7TUIAEkVl8.jpg
890834914328715264,2017-07-28 07:22:49,b'#TopStory right now: #SharifSacked \nRead here: https://t.co/NuDLRK47zW https://t.co/hcq0mMndig',http://pbs.twimg.com/media/DFzhk9tUMAAspaJ.jpg
890826115190710273,2017-07-28 06:47:51,"b""As health reform fails in Senate, President Trump says 'let Obamacare implode' (AFP) https://t.co/OanIn4eGHW""",http://pbs.twimg.com/media/DFzZn1cVoAAhSba.jpg
890823603503063040,2017-07-28 06:37:52,b'#LIVE -- CM Nitish Kumar moves confidence motion in Bihar Assembly.\n\nUPDATES: https://t.co/O9OEogTAwW https://t.co/5TKZHc9ySn',http://pbs.twimg.com/media/DFzXVp7UwAEIiSS.jpg
890822725287067648,2017-07-28 06:34:23,"b'#BREAKING -- Setback for Gujarat Congress, 5 MLAs have resigned ahead of the Rajya Sabha elections https://t.co/4SNHtSAw3E'",http://pbs.twimg.com/media/DFzWiDrUQAITo0e.jpg
890819099202158592,2017-07-28 06:19:58,b'#LIVE -- Tejashwi Yadav questions Nitish Kumar in Bihar Assembly \n\nUPDATES: https://t.co/O9OEogTAwW https://t.co/zGKexihOT3',http://pbs.twimg.com/media/DFzTO1EVoAAG6LT.png
890818527837298688,2017-07-28 06:17:42,b'#LIVE -- Tejashwi Yadav hits out at Bihar CM Nitish Kumar \n\nUPDATES: https://t.co/O9OEogTAwW https://t.co/z7EkZlpAaq',http://pbs.twimg.com/media/DFzStfHVoAA7k6i.png
890813786176724992,2017-07-28 05:58:51,b'#NewsAlert -- Rajya Sabha adjourned till 11:32 am over Congress alleging BJP stealing their MLAs https://t.co/9LNmPJB5ZL',http://pbs.twimg.com/media/DFzOZ-qUwAAd4I7.jpg
890813574733365249,2017-07-28 05:58:01,"b'#BREAKING -- US Senate rejects partial Obamacare repeal, bitter blow to President Donald Trump (AFP) https://t.co/MYBpY7PUFI'",http://pbs.twimg.com/media/DFzONM8VwAAWTb_.jpg
890813116950265856,2017-07-28 05:56:12,"b""Prime Minister Narendra Modi meets with the Indian women's cricket team in New Delhi on Thursday. https://t.co/fvkthJWuZj""",http://pbs.twimg.com/media/DFzNq24UwAEb-6C.jpg
890810131914539009,2017-07-28 05:44:20,"b'BJP is misusing its power, they are stealing MLAs in Rajya Sabha now: Anand Sharma, Congress leader in RS https://t.co/zWm0bU9pw9'",http://pbs.twimg.com/media/DFzLE4KU0AETcWw.jpg
890809659317026816,2017-07-28 05:42:27,"b""Police have arrested 6 RSS workers in connection with yesterday's clash between BJP and CPM  workers https://t.co/LvLTWuyGWA""",http://pbs.twimg.com/media/DFzKhJkUIAAOoOz.jpg
890805416484945920,2017-07-28 05:25:36,b'Happy Birthday @dhanushkraja https://t.co/uHsbRL96Hp',http://pbs.twimg.com/media/DFzGxL0UMAAFrIH.jpg
890804843505266688,2017-07-28 05:23:19,"b""First on CNN-News18 --  Patna HC to hear RJD's plea for not being invited by govt being a largest single party https://t.co/4p3m2INFb1""",http://pbs.twimg.com/media/DFzGQi6VwAAV5PX.jpg
890800961098137601,2017-07-28 05:07:54,"b'#BREAKING -- Pakistan provokes Indian again, violates ceasefire in Keran sector; @islahmufti with more details https://t.co/wJCuO9dv0r'",http://pbs.twimg.com/media/DFzCv3iV0AEjbqL.jpg
890796325725327362,2017-07-28 04:49:28,b'#NewsAlert -- Tollywood Drug Scandal: Tollywood star Ravi Teja appeared before SIT (Special Investigation Team) https://t.co/hHvJkN4PMj',http://pbs.twimg.com/media/DFy-gT2UMAETt3o.jpg
890785640559689730,2017-07-28 04:07:01,"b'#BREAKING -- Up to 16 Gujarat Congress MLAs to quit ahead of Rajya Sabha polls, @MeghdootS with more details https://t.co/okCfSmKHa2'",http://pbs.twimg.com/media/DFy00DFVYAEg1Mw.jpg
890770256511119360,2017-07-28 03:05:53,"b'#BREAKING -- 20 people have been arrested in the Tollywood drug scandal, @tweetsakshi with more details https://t.co/MetnANR3R5'",http://pbs.twimg.com/media/DFym0ptUIAA758c.jpg
890623874617851904,2017-07-27 17:24:13,"b""#Exclusive @mymalishka on 'People's song' &amp; rumours about her. https://t.co/R1ftrC2y8n""",http://pbs.twimg.com/media/DFwhsFtUwAE_VVP.jpg
890622715601723392,2017-07-27 17:19:37,"b""#Exclusive 'Don't take people for granted' @mymalishka to CNN-News18's @vinivdvc https://t.co/WlewcyUcot""",http://pbs.twimg.com/media/DFwgohHVoAEXzZK.jpg
890621794436096000,2017-07-27 17:15:57,"b""#Exclusive 'Didn't anticipated any backlash' @mymalishka to CNN-News18's @vinivdvc https://t.co/NAOz1j6tU2""",http://pbs.twimg.com/media/DFwfzB3U0AEkHs5.jpg
890618864869949440,2017-07-27 17:04:18,"b""COMING UP next on CNN-News18 @mymalishka's First Interview After The Pothole Rap Controversy. https://t.co/QWzvjI2MwG""",http://pbs.twimg.com/media/DFwcwbcUMAAhHEs.jpg
890606459846873088,2017-07-27 16:15:01,b'COMING UP at 10 pm with @bhupendrachaube https://t.co/xYt55uBR8a',http://pbs.twimg.com/media/DFv-GG3UAAAAWVW.png
890602435273568256,2017-07-27 15:59:01,"b""'You cannot fight communalism without the instrument against corruption' Saibal Gupta to @Zakka_Jacob https://t.co/CYxDrpa5SG""",http://pbs.twimg.com/media/DFwOMEcUQAE3t8z.jpg
890595451702923264,2017-07-27 15:31:16,"b""'Just to be in power Mr Nitish Kumar has chosen to backstab the mandate of people' @priyankac19 to @bhupendrachaube https://t.co/e0x38nGmp3""",http://pbs.twimg.com/media/DFwH1mAUwAAtGl9.jpg
890592353597112320,2017-07-27 15:18:58,"b""'Secularism in India is right now a failed project' @_sabanaqvi to @bhupendrachaube. #NitishGharWapsi https://t.co/UIyszB39W2""",http://pbs.twimg.com/media/DFwFBQrU0AEsuMc.jpg
890590973494927361,2017-07-27 15:13:29,"b""'People of Bihar are very happy with this development' Naval Sharma, JDU. #NitishGharWapsi @bhupendrachaube https://t.co/SVNTQSjzr5""",http://pbs.twimg.com/media/DFwDw83V0AEb3R5.jpg
890587599789629441,2017-07-27 15:00:04,b'COMING UP at 9 pm with @Zakka_Jacob https://t.co/uyQozhNAx8',http://pbs.twimg.com/media/DFv4HOYV0AA0jlN.png
890586856844218369,2017-07-27 14:57:07,b'#BREAKING -- Panamagate verdict on Pak PM Nawaz Sharif to be announced by Supreme Court tomorrow: Pak Media https://t.co/ZuUqE8OXOk',http://pbs.twimg.com/media/DFwAAtnVwAAzxBJ.jpg
890576492802916352,2017-07-27 14:15:56,b'COMING UP at 8 pm with @bhupendrachaube https://t.co/uaVcgYMCFC',http://pbs.twimg.com/media/DFv2jiXUIAEkhbU.png
890575898620997633,2017-07-27 14:13:34,b'BJP nets 3 Congress MLAs in Gujarat to block Ahmed Patel\xe2\x80\x99s Rajya Sabha entry https://t.co/RVKlwrXHJG https://t.co/ZU3Av4UCaP',http://pbs.twimg.com/media/DFv2DdRU0AA2Cdl.jpg
890574742356348929,2017-07-27 14:08:59,b'JUST IN -- Balvantsinh Rajput will file his Rajya Sabha nomination as the third candidate of the BJP https://t.co/GbAKLpdZBb',http://pbs.twimg.com/media/DFv0_i8VwAAXc5n.jpg
890569754544439297,2017-07-27 13:49:10,"b'Live from #EPICENTRE Patna, @MaryaShakil decoding #NitishGharWapsi https://t.co/QbcaXtpxF4'",http://pbs.twimg.com/media/DFvwd1-UQAAXQ6X.jpg
890567677667753985,2017-07-27 13:40:54,b'JUST IN -- NIA summons son of separatist Syed Ali Shah Geelani for questioning in the terror-funding case https://t.co/4xbDQ0EDQx',http://pbs.twimg.com/media/DFvukWEU0AAS5iu.jpg
890566317861855232,2017-07-27 13:35:30,b'A look at the top stories of the day on #Epicentre with @SANKETUPA https://t.co/5nqsXtVQ1W',http://pbs.twimg.com/media/DFvtVy-UwAAigc_.jpg
890562250926284800,2017-07-27 13:19:21,b'UPDATE -- Meeting between NSA Doval and Chinese counterpart lasted for 30 minutes https://t.co/LFIJg06K1w',http://pbs.twimg.com/media/DFvpU5xUMAAw_RP.jpg
890561350052610048,2017-07-27 13:15:46,b'This is how the BJP-led NDA has won one state after another since 2013. https://t.co/JqguxoVrGm',http://pbs.twimg.com/tweet_video_thumb/DFvozQXUwAAcbf7.jpg
890557201043013633,2017-07-27 12:59:17,b'Dharmendra Pradhan tweets on #NitishGharWapsi https://t.co/xO9dEhGhO3',http://pbs.twimg.com/media/DFvlCWRVYAAmFQT.jpg
890541899458662400,2017-07-27 11:58:28,"b'Sharad Yadav meeting rebel JDU MPs Ali Anwar, Veerendra Kumar in Delhi; Meeting underway | Reports @Zebaism https://t.co/mCBIfOTWyB'",http://pbs.twimg.com/media/DFvXGjYV0AAUieD.jpg
890541549896949761,2017-07-27 11:57:05,b'#GujaratFloods -- Indian Navy continues rescue and relief operations in Jamnagar (ANI) https://t.co/67SvCvDTUN',http://pbs.twimg.com/media/DFvWwQ4UIAAGMFJ.jpg
890538969363906561,2017-07-27 11:46:50,b'Bihar floor test tomorrow at 11 AM https://t.co/z1jl9wvGNv',http://pbs.twimg.com/media/DFvUTJzVwAA96_v.jpg
890535977676029953,2017-07-27 11:34:57,b'.@ashwinravi99 smashes a 36 year-old record for most wickets after playing 50 Tests. He currently hold 275 wickets. https://t.co/A6qQDONg3N',http://pbs.twimg.com/media/DFvRG_9V0AAl8CT.jpg
890529233608495104,2017-07-27 11:08:09,"b""CNN-News18 gets you the inside story of Nitish Kumar's meet with Rahul Gandhi | @_pallavighosh with the details https://t.co/oll7cWnKiy""",http://pbs.twimg.com/media/DFvLnPbVwAAXnUw.jpg
890523140173963264,2017-07-27 10:43:56,"b""Railways announces \xe2\x82\xb91.30 crore cash reward for ten members of the Indian Women's Cricket Team https://t.co/BdFuLiW5VP""",http://pbs.twimg.com/media/DFvGC-RUwAEhpcB.jpg
890519989685428224,2017-07-27 10:31:25,"b'JUST IN -- MK Stalin and DMK workers detained ahead of NEET protest in Salem, Tamil Nadu | Reports @nimumurali https://t.co/gKBA9oWmPE'",http://pbs.twimg.com/media/DFvDMjGVoAAp8I_.jpg
890513795633692672,2017-07-27 10:06:48,b'JUST IN -- Congress MLA Balvantsinh Rajput hands over resignation to the Speaker https://t.co/OB6d2UwdI9',http://pbs.twimg.com/media/DFu9gB3U0AAtZdp.jpg
890512367745810432,2017-07-27 10:01:08,b'Differences cannot be allowed to become disputes: MEA on India - China standoff https://t.co/N90cE6KKHc',http://pbs.twimg.com/media/DFu8Q6CUQAEkZFm.jpg
890511874042740736,2017-07-27 09:59:10,b'Diplomatic channels engaged to find out solution of continued standoff between India and China on Doklam issue: MEA https://t.co/mR3qHViD7W',http://pbs.twimg.com/media/DFu7ylcV0AAyDv8.jpg
890507335667404801,2017-07-27 09:41:08,b'Bugs Bunny turns 77 today. Did you know he was the first cartoon character to ever appear on a stamp? https://t.co/qXRzFpq2xE',http://pbs.twimg.com/media/DFu3rvRV0AAuJQ7.jpg
890501293386612736,2017-07-27 09:17:07,"b'My opinion is that Lalu never takes honesty as his root: Lallan Singh, JD(U) leader #NitishGharWapsi https://t.co/ihKsKBMYdp'",http://pbs.twimg.com/media/DFuyM67UIAAHUad.jpg
890498074572800000,2017-07-27 09:04:20,b'JD(U) leader Sharad Yadav met Congress V-P Rahul Gandhi at Jawahar Bhawan | @_pallavighosh with more details https://t.co/Qob3LJPbbx',http://pbs.twimg.com/media/DFuvRdLVwAAPpGo.jpg
